medal_type,name,gender,discipline,event,country_code,country
Gold Medal,Remco EVENEPOEL,M,Cycling Road,Men's Individual Time Trial,BEL,Belgium
Silver Medal,Filippo GANNA,M,Cycling Road,Men's Individual Time Trial,ITA,Italy
Bronze Medal,Wout van AERT,M,Cycling Road,Men's Individual Time Trial,BEL,Belgium
Gold Medal,Grace BROWN,W,Cycling Road,Women's Individual Time Trial,AUS,Australia
Silver Medal,Anna HENDERSON,W,Cycling Road,Women's Individual Time Trial,GBR,Great Britain
Bronze Medal,Chloe DYGERT,W,Cycling Road,Women's Individual Time Trial,USA,United States
Gold Medal,China,W,Diving,Women's Synchronised 3m Springboard,CHN,China
Silver Medal,United States,W,Diving,Women's Synchronised 3m Springboard,USA,United States
Bronze Medal,Great Britain,W,Diving,Women's Synchronised 3m Springboard,GBR,Great Britain
Gold Medal,OH Sanguk,M,Fencing,Men's Sabre Individual,KOR,Korea
Silver Medal,Fares FERJANI,M,Fencing,Men's Sabre Individual,TUN,Tunisia
Bronze Medal,Luigi SAMELE,M,Fencing,Men's Sabre Individual,ITA,Italy
Gold Medal,KONG Man Wai Vivian,W,Fencing,Women's Épée Individual,HKG,"Hong Kong, China"
Silver Medal,Auriane MALLO-BRETON,W,Fencing,Women's Épée Individual,FRA,France
Bronze Medal,Eszter MUHARI,W,Fencing,Women's Épée Individual,HUN,Hungary
Gold Medal,Yeldos SMETOV,M,Judo,Men -60 kg,KAZ,Kazakhstan
Silver Medal,Luka MKHEIDZE,M,Judo,Men -60 kg,FRA,France
Bronze Medal,NAGAYAMA Ryuju,M,Judo,Men -60 kg,JPN,Japan
Bronze Medal,Francisco GARRIGOS,M,Judo,Men -60 kg,ESP,Spain
Gold Medal,TSUNODA Natsumi,W,Judo,Women -48 kg,JPN,Japan
Silver Medal,Baasankhuu BAVUUDORJ,W,Judo,Women -48 kg,MGL,Mongolia
Bronze Medal,Shirine BOUKLI,W,Judo,Women -48 kg,FRA,France
Bronze Medal,Tara BABULFATH,W,Judo,Women -48 kg,SWE,Sweden
Gold Medal,France,M,Rugby Sevens,Men,FRA,France
Silver Medal,Fiji,M,Rugby Sevens,Men,FIJ,Fiji
Bronze Medal,South Africa,M,Rugby Sevens,Men,RSA,South Africa
Gold Medal,China 1,X,Shooting,10m Air Rifle Mixed Team,CHN,China
Silver Medal,Korea 1,X,Shooting,10m Air Rifle Mixed Team,KOR,Korea
Bronze Medal,Kazakhstan 1,X,Shooting,10m Air Rifle Mixed Team,KAZ,Kazakhstan
Gold Medal,United States,M,Swimming,Men's 4 x 100m Freestyle Relay,USA,United States
Silver Medal,Australia,M,Swimming,Men's 4 x 100m Freestyle Relay,AUS,Australia
Bronze Medal,Italy,M,Swimming,Men's 4 x 100m Freestyle Relay,ITA,Italy
Gold Medal,Lukas MAERTENS,M,Swimming,Men's 400m Freestyle,GER,Germany
Silver Medal,Elijah WINNINGTON,M,Swimming,Men's 400m Freestyle,AUS,Australia
Bronze Medal,KIM Woomin,M,Swimming,Men's 400m Freestyle,KOR,Korea
Gold Medal,Australia,W,Swimming,Women's 4 x 100m Freestyle Relay,AUS,Australia
Silver Medal,United States,W,Swimming,Women's 4 x 100m Freestyle Relay,USA,United States
Bronze Medal,China,W,Swimming,Women's 4 x 100m Freestyle Relay,CHN,China
Gold Medal,Ariarne TITMUS,W,Swimming,Women's 400m Freestyle,AUS,Australia
Silver Medal,Summer McINTOSH,W,Swimming,Women's 400m Freestyle,CAN,Canada
Bronze Medal,Katie LEDECKY,W,Swimming,Women's 400m Freestyle,USA,United States
Gold Medal,Korea,W,Archery,Women's Team,KOR,Korea
Silver Medal,China,W,Archery,Women's Team,CHN,China
Bronze Medal,Mexico,W,Archery,Women's Team,MEX,Mexico
Gold Medal,Jessica FOX,W,Canoe Slalom,Women's Kayak Single,AUS,Australia
Silver Medal,Klaudia ZWOLINSKA,W,Canoe Slalom,Women's Kayak Single,POL,Poland
Bronze Medal,Kimberley WOODS,W,Canoe Slalom,Women's Kayak Single,GBR,Great Britain
Gold Medal,Pauline FERRAND PREVOT,W,Cycling Mountain Bike,Women's Cross-country,FRA,France
Silver Medal,Haley BATTEN,W,Cycling Mountain Bike,Women's Cross-country,USA,United States
Bronze Medal,Jenny RISSVEDS,W,Cycling Mountain Bike,Women's Cross-country,SWE,Sweden
Gold Medal,KANO Koki,M,Fencing,Men's Épée Individual,JPN,Japan
Silver Medal,Yannick BOREL,M,Fencing,Men's Épée Individual,FRA,France
Bronze Medal,Mohamed ELSAYED,M,Fencing,Men's Épée Individual,EGY,Egypt
Gold Medal,Lee KIEFER,W,Fencing,Women's Foil Individual,USA,United States
Silver Medal,Lauren SCRUGGS,W,Fencing,Women's Foil Individual,USA,United States
Bronze Medal,Eleanor HARVEY,W,Fencing,Women's Foil Individual,CAN,Canada
Gold Medal,ABE Hifumi,M,Judo,Men -66 kg,JPN,Japan
Silver Medal,Willian LIMA,M,Judo,Men -66 kg,BRA,Brazil
Bronze Medal,Gusman KYRGYZBAYEV,M,Judo,Men -66 kg,KAZ,Kazakhstan
Bronze Medal,Denis VIERU,M,Judo,Men -66 kg,MDA,Republic of Moldova
Gold Medal,Diyora KELDIYOROVA,W,Judo,Women -52 kg,UZB,Uzbekistan
Silver Medal,Distria KRASNIQI,W,Judo,Women -52 kg,KOS,Kosovo
Bronze Medal,Larissa PIMENTA,W,Judo,Women -52 kg,BRA,Brazil
Bronze Medal,Amandine BUCHARD,W,Judo,Women -52 kg,FRA,France
Gold Medal,XIE Yu,M,Shooting,10m Air Pistol Men,CHN,China
Silver Medal,Federico Nilo MALDINI,M,Shooting,10m Air Pistol Men,ITA,Italy
Bronze Medal,Paolo MONNA,M,Shooting,10m Air Pistol Men,ITA,Italy
Gold Medal,OH Ye Jin,W,Shooting,10m Air Pistol Women,KOR,Korea
Silver Medal,KIM Yeji,W,Shooting,10m Air Pistol Women,KOR,Korea
Bronze Medal,Manu BHAKER,W,Shooting,10m Air Pistol Women,IND,India
Gold Medal,YOSHIZAWA Coco,W,Skateboarding,Women's Street,JPN,Japan
Silver Medal,AKAMA Liz,W,Skateboarding,Women's Street,JPN,Japan
Bronze Medal,Rayssa LEAL,W,Skateboarding,Women's Street,BRA,Brazil
Gold Medal,Nicolo MARTINENGHI,M,Swimming,Men's 100m Breaststroke,ITA,Italy
Silver Medal,Adam PEATY,M,Swimming,Men's 100m Breaststroke,GBR,Great Britain
Silver Medal,Nic FINK,M,Swimming,Men's 100m Breaststroke,USA,United States
Gold Medal,Leon MARCHAND,M,Swimming,Men's 400m Individual Medley,FRA,France
Silver Medal,MATSUSHITA Tomoyuki,M,Swimming,Men's 400m Individual Medley,JPN,Japan
Bronze Medal,Carson FOSTER,M,Swimming,Men's 400m Individual Medley,USA,United States
Gold Medal,Torri HUSKE,W,Swimming,Women's 100m Butterfly,USA,United States
Silver Medal,Gretchen WALSH,W,Swimming,Women's 100m Butterfly,USA,United States
Bronze Medal,ZHANG Yufei,W,Swimming,Women's 100m Butterfly,CHN,China
Gold Medal,Korea,M,Archery,Men's Team,KOR,Korea
Silver Medal,France,M,Archery,Men's Team,FRA,France
Bronze Medal,Türkiye,M,Archery,Men's Team,TUR,Türkiye
Gold Medal,Japan,M,Artistic Gymnastics,Men's Team,JPN,Japan
Silver Medal,China,M,Artistic Gymnastics,Men's Team,CHN,China
Bronze Medal,United States,M,Artistic Gymnastics,Men's Team,USA,United States
Gold Medal,Nicolas GESTIN,M,Canoe Slalom,Men's Canoe Single,FRA,France
Silver Medal,Adam BURGESS,M,Canoe Slalom,Men's Canoe Single,GBR,Great Britain
Bronze Medal,Matej BENUS,M,Canoe Slalom,Men's Canoe Single,SVK,Slovakia
Gold Medal,Thomas PIDCOCK,M,Cycling Mountain Bike,Men's Cross-country,GBR,Great Britain
Silver Medal,Victor KORETZKY,M,Cycling Mountain Bike,Men's Cross-country,FRA,France
Bronze Medal,Alan HATHERLY,M,Cycling Mountain Bike,Men's Cross-country,RSA,South Africa
Gold Medal,China,M,Diving,Men's Synchronised 10m Platform,CHN,China
Silver Medal,Great Britain,M,Diving,Men's Synchronised 10m Platform,GBR,Great Britain
Bronze Medal,Canada,M,Diving,Men's Synchronised 10m Platform,CAN,Canada
Gold Medal,Michael JUNG,O,Equestrian,Eventing Individual,GER,Germany
Silver Medal,Christopher BURTON,O,Equestrian,Eventing Individual,AUS,Australia
Bronze Medal,Laura COLLETT,O,Equestrian,Eventing Individual,GBR,Great Britain
Gold Medal,Great Britain,O,Equestrian,Eventing Team,GBR,Great Britain
Silver Medal,France,O,Equestrian,Eventing Team,FRA,France
Bronze Medal,Japan,O,Equestrian,Eventing Team,JPN,Japan
Gold Medal,CHEUNG Ka Long,M,Fencing,Men's Foil Individual,HKG,"Hong Kong, China"
Silver Medal,Filippo MACCHI,M,Fencing,Men's Foil Individual,ITA,Italy
Bronze Medal,Nick ITKIN,M,Fencing,Men's Foil Individual,USA,United States
Gold Medal,Manon APITHY-BRUNET,W,Fencing,Women's Sabre Individual,FRA,France
Silver Medal,Sara BALZER,W,Fencing,Women's Sabre Individual,FRA,France
Bronze Medal,Olga KHARLAN,W,Fencing,Women's Sabre Individual,UKR,Ukraine
Gold Medal,Hidayat HEYDAROV,M,Judo,Men -73 kg,AZE,Azerbaijan
Silver Medal,Joan-Benjamin GABA,M,Judo,Men -73 kg,FRA,France
Bronze Medal,Adil OSMANOV,M,Judo,Men -73 kg,MDA,Republic of Moldova
Bronze Medal,HASHIMOTO Soichi,M,Judo,Men -73 kg,JPN,Japan
Gold Medal,Christa DEGUCHI,W,Judo,Women -57 kg,CAN,Canada
Silver Medal,HUH Mimi,W,Judo,Women -57 kg,KOR,Korea
Bronze Medal,FUNAKUBO Haruka,W,Judo,Women -57 kg,JPN,Japan
Bronze Medal,Sarah Leonie CYSIQUE,W,Judo,Women -57 kg,FRA,France
Gold Medal,SHENG Lihao,M,Shooting,10m Air Rifle Men,CHN,China
Silver Medal,Victor LINDGREN,M,Shooting,10m Air Rifle Men,SWE,Sweden
Bronze Medal,Miran MARICIC,M,Shooting,10m Air Rifle Men,CRO,Croatia
Gold Medal,BAN Hyojin,W,Shooting,10m Air Rifle Women,KOR,Korea
Silver Medal,HUANG Yuting,W,Shooting,10m Air Rifle Women,CHN,China
Bronze Medal,Audrey GOGNIAT,W,Shooting,10m Air Rifle Women,SUI,Switzerland
Gold Medal,HORIGOME Yuto,M,Skateboarding,Men's Street,JPN,Japan
Silver Medal,Jagger EATON,M,Skateboarding,Men's Street,USA,United States
Bronze Medal,Nyjah HUSTON,M,Skateboarding,Men's Street,USA,United States
Gold Medal,Thomas CECCON,M,Swimming,Men's 100m Backstroke,ITA,Italy
Silver Medal,XU Jiayu,M,Swimming,Men's 100m Backstroke,CHN,China
Bronze Medal,Ryan MURPHY,M,Swimming,Men's 100m Backstroke,USA,United States
Gold Medal,David POPOVICI,M,Swimming,Men's 200m Freestyle,ROU,Romania
Silver Medal,Matthew RICHARDS,M,Swimming,Men's 200m Freestyle,GBR,Great Britain
Bronze Medal,Luke HOBSON,M,Swimming,Men's 200m Freestyle,USA,United States
Gold Medal,Tatjana SMITH,W,Swimming,Women's 100m Breaststroke,RSA,South Africa
Silver Medal,TANG Qianting,W,Swimming,Women's 100m Breaststroke,CHN,China
Bronze Medal,Mona Mc SHARRY,W,Swimming,Women's 100m Breaststroke,IRL,Ireland
Gold Medal,Mollie O'CALLAGHAN,W,Swimming,Women's 200m Freestyle,AUS,Australia
Silver Medal,Ariarne TITMUS,W,Swimming,Women's 200m Freestyle,AUS,Australia
Bronze Medal,HAUGHEY Siobhan Bernadette,W,Swimming,Women's 200m Freestyle,HKG,"Hong Kong, China"
Gold Medal,Summer McINTOSH,W,Swimming,Women's 400m Individual Medley,CAN,Canada
Silver Medal,Katie GRIMES,W,Swimming,Women's 400m Individual Medley,USA,United States
Bronze Medal,Emma WEYANT,W,Swimming,Women's 400m Individual Medley,USA,United States
Gold Medal,United States,W,Artistic Gymnastics,Women's Team,USA,United States
Silver Medal,Italy,W,Artistic Gymnastics,Women's Team,ITA,Italy
Bronze Medal,Brazil,W,Artistic Gymnastics,Women's Team,BRA,Brazil
Gold Medal,Italy,W,Fencing,Women's Épée Team,ITA,Italy
Silver Medal,France,W,Fencing,Women's Épée Team,FRA,France
Bronze Medal,Poland,W,Fencing,Women's Épée Team,POL,Poland
Gold Medal,NAGASE Takanori,M,Judo,Men -81 kg,JPN,Japan
Silver Medal,Tato GRIGALASHVILI,M,Judo,Men -81 kg,GEO,Georgia
Bronze Medal,LEE Joonhwan,M,Judo,Men -81 kg,KOR,Korea
Bronze Medal,Somon MAKHMADBEKOV,M,Judo,Men -81 kg,TJK,Tajikistan
Gold Medal,Andreja LESKI,W,Judo,Women -63 kg,SLO,Slovenia
Silver Medal,Prisca AWITI ALCARAZ,W,Judo,Women -63 kg,MEX,Mexico
Bronze Medal,Clarisse AGBEGNENOU,W,Judo,Women -63 kg,FRA,France
Bronze Medal,Laura FAZLIU,W,Judo,Women -63 kg,KOS,Kosovo
Gold Medal,New Zealand,W,Rugby Sevens,Women,NZL,New Zealand
Silver Medal,Canada,W,Rugby Sevens,Women,CAN,Canada
Bronze Medal,United States,W,Rugby Sevens,Women,USA,United States
Gold Medal,Serbia,X,Shooting,10m Air Pistol Mixed Team,SRB,Serbia
Silver Medal,Türkiye 2,X,Shooting,10m Air Pistol Mixed Team,TUR,Türkiye
Bronze Medal,India 1,X,Shooting,10m Air Pistol Mixed Team,IND,India
Gold Medal,Nathan HALES,M,Shooting,Trap Men,GBR,Great Britain
Silver Medal,QI Ying,M,Shooting,Trap Men,CHN,China
Bronze Medal,Jean Pierre BROL CARDENAS,M,Shooting,Trap Men,GUA,Guatemala
Gold Medal,Great Britain,M,Swimming,Men's 4 x 200m Freestyle Relay,GBR,Great Britain
Silver Medal,United States,M,Swimming,Men's 4 x 200m Freestyle Relay,USA,United States
Bronze Medal,Australia,M,Swimming,Men's 4 x 200m Freestyle Relay,AUS,Australia
Gold Medal,Daniel WIFFEN,M,Swimming,Men's 800m Freestyle,IRL,Ireland
Silver Medal,Bobby FINKE,M,Swimming,Men's 800m Freestyle,USA,United States
Bronze Medal,Gregorio PALTRINIERI,M,Swimming,Men's 800m Freestyle,ITA,Italy
Gold Medal,Kaylee McKEOWN,W,Swimming,Women's 100m Backstroke,AUS,Australia
Silver Medal,Regan SMITH,W,Swimming,Women's 100m Backstroke,USA,United States
Bronze Medal,Katharine BERKOFF,W,Swimming,Women's 100m Backstroke,USA,United States
Gold Medal,WANG/SUN,X,Table Tennis,Mixed Doubles,CHN,China
Silver Medal,RI/KIM,X,Table Tennis,Mixed Doubles,PRK,DPR Korea
Bronze Medal,LIM/SHIN,X,Table Tennis,Mixed Doubles,KOR,Korea
Gold Medal,OKA Shinnosuke,M,Artistic Gymnastics,Men's All-Around,JPN,Japan
Silver Medal,ZHANG Boheng,M,Artistic Gymnastics,Men's All-Around,CHN,China
Bronze Medal,XIAO Ruoteng,M,Artistic Gymnastics,Men's All-Around,CHN,China
Gold Medal,Jessica FOX,W,Canoe Slalom,Women's Canoe Single,AUS,Australia
Silver Medal,Elena LILIK,W,Canoe Slalom,Women's Canoe Single,GER,Germany
Bronze Medal,Evy LEIBFARTH,W,Canoe Slalom,Women's Canoe Single,USA,United States
Gold Medal,Jose TORRES GIL,M,Cycling BMX Freestyle,Men's Park,ARG,Argentina
Silver Medal,Kieran Darren David REILLY,M,Cycling BMX Freestyle,Men's Park,GBR,Great Britain
Bronze Medal,Anthony JEANJEAN,M,Cycling BMX Freestyle,Men's Park,FRA,France
Gold Medal,DENG Yawen,W,Cycling BMX Freestyle,Women's Park,CHN,China
Silver Medal,Perris BENEGAS,W,Cycling BMX Freestyle,Women's Park,USA,United States
Bronze Medal,Natalya DIEHM,W,Cycling BMX Freestyle,Women's Park,AUS,Australia
Gold Medal,China,W,Diving,Women's Synchronised 10m Platform,CHN,China
Silver Medal,DPR Korea,W,Diving,Women's Synchronised 10m Platform,PRK,DPR Korea
Bronze Medal,Great Britain,W,Diving,Women's Synchronised 10m Platform,GBR,Great Britain
Gold Medal,Korea,M,Fencing,Men's Sabre Team,KOR,Korea
Silver Medal,Hungary,M,Fencing,Men's Sabre Team,HUN,Hungary
Bronze Medal,France,M,Fencing,Men's Sabre Team,FRA,France
Gold Medal,Lasha BEKAURI,M,Judo,Men -90 kg,GEO,Georgia
Silver Medal,MURAO Sanshiro,M,Judo,Men -90 kg,JPN,Japan
Bronze Medal,Maxime-Gael NGAYAP HAMBOU,M,Judo,Men -90 kg,FRA,France
Bronze Medal,Theodoros TSELIDIS,M,Judo,Men -90 kg,GRE,Greece
Gold Medal,Barbara MATIC,W,Judo,Women -70 kg,CRO,Croatia
Silver Medal,Miriam BUTKEREIT,W,Judo,Women -70 kg,GER,Germany
Bronze Medal,Michaela POLLERES,W,Judo,Women -70 kg,AUT,Austria
Bronze Medal,Gabriella WILLEMS,W,Judo,Women -70 kg,BEL,Belgium
Gold Medal,Netherlands,M,Rowing,Men's Quadruple Sculls,NED,Netherlands
Silver Medal,Italy,M,Rowing,Men's Quadruple Sculls,ITA,Italy
Bronze Medal,Poland,M,Rowing,Men's Quadruple Sculls,POL,Poland
Gold Medal,Great Britain,W,Rowing,Women's Quadruple Sculls,GBR,Great Britain
Silver Medal,Netherlands,W,Rowing,Women's Quadruple Sculls,NED,Netherlands
Bronze Medal,Germany,W,Rowing,Women's Quadruple Sculls,GER,Germany
Gold Medal,Adriana RUANO OLIVA,W,Shooting,Trap Women,GUA,Guatemala
Silver Medal,Silvana Maria STANCO,W,Shooting,Trap Women,ITA,Italy
Bronze Medal,Penny SMITH,W,Shooting,Trap Women,AUS,Australia
Gold Medal,PAN Zhanle,M,Swimming,Men's 100m Freestyle,CHN,China
Silver Medal,Kyle CHALMERS,M,Swimming,Men's 100m Freestyle,AUS,Australia
Bronze Medal,David POPOVICI,M,Swimming,Men's 100m Freestyle,ROU,Romania
Gold Medal,Leon MARCHAND,M,Swimming,Men's 200m Breaststroke,FRA,France
Silver Medal,Zac STUBBLETY-COOK,M,Swimming,Men's 200m Breaststroke,AUS,Australia
Bronze Medal,Caspar CORBEAU,M,Swimming,Men's 200m Breaststroke,NED,Netherlands
Gold Medal,Leon MARCHAND,M,Swimming,Men's 200m Butterfly,FRA,France
Silver Medal,Kristof MILAK,M,Swimming,Men's 200m Butterfly,HUN,Hungary
Bronze Medal,Ilya KHARUN,M,Swimming,Men's 200m Butterfly,CAN,Canada
Gold Medal,Sarah SJOESTROEM,W,Swimming,Women's 100m Freestyle,SWE,Sweden
Silver Medal,Torri HUSKE,W,Swimming,Women's 100m Freestyle,USA,United States
Bronze Medal,HAUGHEY Siobhan Bernadette,W,Swimming,Women's 100m Freestyle,HKG,"Hong Kong, China"
Gold Medal,Katie LEDECKY,W,Swimming,Women's 1500m Freestyle,USA,United States
Silver Medal,Anastasiia KIRPICHNIKOVA,W,Swimming,Women's 1500m Freestyle,FRA,France
Bronze Medal,Isabel GOSE,W,Swimming,Women's 1500m Freestyle,GER,Germany
Gold Medal,Alex YEE,M,Triathlon,Men's Individual,GBR,Great Britain
Silver Medal,Hayden WILDE,M,Triathlon,Men's Individual,NZL,New Zealand
Bronze Medal,Leo BERGERE,M,Triathlon,Men's Individual,FRA,France
Gold Medal,Cassandre BEAUGRAND,W,Triathlon,Women's Individual,FRA,France
Silver Medal,Julie DERRON,W,Triathlon,Women's Individual,SUI,Switzerland
Bronze Medal,Beth POTTER,W,Triathlon,Women's Individual,GBR,Great Britain
Gold Medal,Simone BILES,W,Artistic Gymnastics,Women's All-Around,USA,United States
Silver Medal,Rebeca ANDRADE,W,Artistic Gymnastics,Women's All-Around,BRA,Brazil
Bronze Medal,Sunisa LEE,W,Artistic Gymnastics,Women's All-Around,USA,United States
Gold Medal,Brian Daniel PINTADO,M,Athletics,Men's 20km Race Walk,ECU,Ecuador
Silver Medal,Caio BONFIM,M,Athletics,Men's 20km Race Walk,BRA,Brazil
Bronze Medal,Alvaro MARTIN,M,Athletics,Men's 20km Race Walk,ESP,Spain
Gold Medal,YANG Jiayu,W,Athletics,Women's 20km Race Walk,CHN,China
Silver Medal,Maria PEREZ,W,Athletics,Women's 20km Race Walk,ESP,Spain
Bronze Medal,Jemima MONTAG,W,Athletics,Women's 20km Race Walk,AUS,Australia
Gold Medal,Giovanni de GENNARO,M,Canoe Slalom,Men's Kayak Single,ITA,Italy
Silver Medal,Titouan CASTRYCK,M,Canoe Slalom,Men's Kayak Single,FRA,France
Bronze Medal,Pau ECHANIZ,M,Canoe Slalom,Men's Kayak Single,ESP,Spain
Gold Medal,United States,W,Fencing,Women's Foil Team,USA,United States
Silver Medal,Italy,W,Fencing,Women's Foil Team,ITA,Italy
Bronze Medal,Japan,W,Fencing,Women's Foil Team,JPN,Japan
Gold Medal,Zelym KOTSOIEV,M,Judo,Men -100 kg,AZE,Azerbaijan
Silver Medal,Ilia SULAMANIDZE,M,Judo,Men -100 kg,GEO,Georgia
Bronze Medal,Peter PALTCHIK,M,Judo,Men -100 kg,ISR,Israel
Bronze Medal,Muzaffarbek TUROBOYEV,M,Judo,Men -100 kg,UZB,Uzbekistan
Gold Medal,Alice BELLANDI,W,Judo,Women -78 kg,ITA,Italy
Silver Medal,Inbar LANIR,W,Judo,Women -78 kg,ISR,Israel
Bronze Medal,MA Zhenzhao,W,Judo,Women -78 kg,CHN,China
Bronze Medal,Patricia SAMPAIO,W,Judo,Women -78 kg,POR,Portugal
Gold Medal,Romania,M,Rowing,Men's Double Sculls,ROU,Romania
Silver Medal,Netherlands,M,Rowing,Men's Double Sculls,NED,Netherlands
Bronze Medal,Ireland,M,Rowing,Men's Double Sculls,IRL,Ireland
Gold Medal,United States,M,Rowing,Men's Four,USA,United States
Silver Medal,New Zealand,M,Rowing,Men's Four,NZL,New Zealand
Bronze Medal,Great Britain,M,Rowing,Men's Four,GBR,Great Britain
Gold Medal,New Zealand,W,Rowing,Women's Double Sculls,NZL,New Zealand
Silver Medal,Romania,W,Rowing,Women's Double Sculls,ROU,Romania
Bronze Medal,Great Britain,W,Rowing,Women's Double Sculls,GBR,Great Britain
Gold Medal,Netherlands,W,Rowing,Women's Four,NED,Netherlands
Silver Medal,Great Britain,W,Rowing,Women's Four,GBR,Great Britain
Bronze Medal,New Zealand,W,Rowing,Women's Four,NZL,New Zealand
Gold Medal,LIU Yukun,M,Shooting,50m Rifle 3 Positions Men,CHN,China
Silver Medal,Serhiy KULISH,M,Shooting,50m Rifle 3 Positions Men,UKR,Ukraine
Bronze Medal,Swapnil KUSALE,M,Shooting,50m Rifle 3 Positions Men,IND,India
Gold Medal,Hubert KOS,M,Swimming,Men's 200m Backstroke,HUN,Hungary
Silver Medal,Apostolos CHRISTOU,M,Swimming,Men's 200m Backstroke,GRE,Greece
Bronze Medal,Roman MITYUKOV,M,Swimming,Men's 200m Backstroke,SUI,Switzerland
Gold Medal,Kate DOUGLASS,W,Swimming,Women's 200m Breaststroke,USA,United States
Silver Medal,Tatjana SMITH,W,Swimming,Women's 200m Breaststroke,RSA,South Africa
Bronze Medal,Tes SCHOUTEN,W,Swimming,Women's 200m Breaststroke,NED,Netherlands
Gold Medal,Summer McINTOSH,W,Swimming,Women's 200m Butterfly,CAN,Canada
Silver Medal,Regan SMITH,W,Swimming,Women's 200m Butterfly,USA,United States
Bronze Medal,ZHANG Yufei,W,Swimming,Women's 200m Butterfly,CHN,China
Gold Medal,Australia,W,Swimming,Women's 4 x 200m Freestyle Relay,AUS,Australia
Silver Medal,United States,W,Swimming,Women's 4 x 200m Freestyle Relay,USA,United States
Bronze Medal,China,W,Swimming,Women's 4 x 200m Freestyle Relay,CHN,China
Gold Medal,Korea,X,Archery,Mixed Team,KOR,Korea
Silver Medal,Germany,X,Archery,Mixed Team,GER,Germany
Bronze Medal,United States,X,Archery,Mixed Team,USA,United States
Gold Medal,Joshua CHEPTEGEI,M,Athletics,"Men's 10,000m",UGA,Uganda
Silver Medal,Berihu AREGAWI,M,Athletics,"Men's 10,000m",ETH,Ethiopia
Bronze Medal,Grant FISHER,M,Athletics,"Men's 10,000m",USA,United States
Gold Medal,ZHENG/HUANG,X,Badminton,Mixed Doubles,CHN,China
Silver Medal,KIM/JEONG,X,Badminton,Mixed Doubles,KOR,Korea
Bronze Medal,WATANABE/HIGASHINO,X,Badminton,Mixed Doubles,JPN,Japan
Gold Medal,Joris DAUDET,M,Cycling BMX Racing,Men,FRA,France
Silver Medal,Sylvain ANDRE,M,Cycling BMX Racing,Men,FRA,France
Bronze Medal,Romain MAHIEU,M,Cycling BMX Racing,Men,FRA,France
Gold Medal,Saya SAKAKIBARA,W,Cycling BMX Racing,Women,AUS,Australia
Silver Medal,Manon VEENSTRA,W,Cycling BMX Racing,Women,NED,Netherlands
Bronze Medal,Zoe CLAESSENS,W,Cycling BMX Racing,Women,SUI,Switzerland
Gold Medal,China,M,Diving,Men's Synchronised 3m Springboard,CHN,China
Silver Medal,Mexico,M,Diving,Men's Synchronised 3m Springboard,MEX,Mexico
Bronze Medal,Great Britain,M,Diving,Men's Synchronised 3m Springboard,GBR,Great Britain
Gold Medal,Great Britain,O,Equestrian,Jumping Team,GBR,Great Britain
Silver Medal,United States,O,Equestrian,Jumping Team,USA,United States
Bronze Medal,France,O,Equestrian,Jumping Team,FRA,France
Gold Medal,Hungary,M,Fencing,Men's Épée Team,HUN,Hungary
Silver Medal,Japan,M,Fencing,Men's Épée Team,JPN,Japan
Bronze Medal,Czechia,M,Fencing,Men's Épée Team,CZE,Czechia
Gold Medal,Teddy RINER,M,Judo,Men +100 kg,FRA,France
Silver Medal,KIM Minjong,M,Judo,Men +100 kg,KOR,Korea
Bronze Medal,Temur RAKHIMOV,M,Judo,Men +100 kg,TJK,Tajikistan
Bronze Medal,Alisher YUSUPOV,M,Judo,Men +100 kg,UZB,Uzbekistan
Gold Medal,Beatriz SOUZA,W,Judo,Women +78 kg,BRA,Brazil
Silver Medal,Raz HERSHKO,W,Judo,Women +78 kg,ISR,Israel
Bronze Medal,KIM Hayun,W,Judo,Women +78 kg,KOR,Korea
Bronze Medal,Romane DICKO,W,Judo,Women +78 kg,FRA,France
Gold Medal,Ireland,M,Rowing,Lightweight Men's Double Sculls,IRL,Ireland
Silver Medal,Italy,M,Rowing,Lightweight Men's Double Sculls,ITA,Italy
Bronze Medal,Greece,M,Rowing,Lightweight Men's Double Sculls,GRE,Greece
Gold Medal,Great Britain,W,Rowing,Lightweight Women's Double Sculls,GBR,Great Britain
Silver Medal,Romania,W,Rowing,Lightweight Women's Double Sculls,ROU,Romania
Bronze Medal,Greece,W,Rowing,Lightweight Women's Double Sculls,GRE,Greece
Gold Medal,Croatia,M,Rowing,Men's Pair,CRO,Croatia
Silver Medal,Great Britain,M,Rowing,Men's Pair,GBR,Great Britain
Bronze Medal,Switzerland,M,Rowing,Men's Pair,SUI,Switzerland
Gold Medal,Netherlands,W,Rowing,Women's Pair,NED,Netherlands
Silver Medal,Romania,W,Rowing,Women's Pair,ROU,Romania
Bronze Medal,Australia,W,Rowing,Women's Pair,AUS,Australia
Gold Medal,BOTIN/TRITTEL,M,Sailing,Men's Skiff,ESP,Spain
Silver Medal,McHARDIE/McKENZIE,M,Sailing,Men's Skiff,NZL,New Zealand
Bronze Medal,BARROWS/HENKEN,M,Sailing,Men's Skiff,USA,United States
Gold Medal,AANHOLT/DUETZ,W,Sailing,Women's Skiff,NED,Netherlands
Silver Medal,BOBECK/NETZLER,W,Sailing,Women's Skiff,SWE,Sweden
Bronze Medal,STEYAERT/PICON,W,Sailing,Women's Skiff,FRA,France
Gold Medal,Chiara LEONE,W,Shooting,50m Rifle 3 Positions Women,SUI,Switzerland
Silver Medal,Sagen MADDALENA,W,Shooting,50m Rifle 3 Positions Women,USA,United States
Bronze Medal,ZHANG Qiongyue,W,Shooting,50m Rifle 3 Positions Women,CHN,China
Gold Medal,Leon MARCHAND,M,Swimming,Men's 200m Individual Medley,FRA,France
Silver Medal,Duncan SCOTT,M,Swimming,Men's 200m Individual Medley,GBR,Great Britain
Bronze Medal,WANG Shun,M,Swimming,Men's 200m Individual Medley,CHN,China
Gold Medal,Cameron McEVOY,M,Swimming,Men's 50m Freestyle,AUS,Australia
Silver Medal,Benjamin PROUD,M,Swimming,Men's 50m Freestyle,GBR,Great Britain
Bronze Medal,Florent MANAUDOU,M,Swimming,Men's 50m Freestyle,FRA,France
Gold Medal,Kaylee McKEOWN,W,Swimming,Women's 200m Backstroke,AUS,Australia
Silver Medal,Regan SMITH,W,Swimming,Women's 200m Backstroke,USA,United States
Bronze Medal,Kylie MASSE,W,Swimming,Women's 200m Backstroke,CAN,Canada
Gold Medal,SINIAKOVA/MACHAC,X,Tennis,Mixed Doubles,CZE,Czechia
Silver Medal,WANG/ZHANG,X,Tennis,Mixed Doubles,CHN,China
Bronze Medal,DABROWSKI/AUGER-ALIAS,X,Tennis,Mixed Doubles,CAN,Canada
Bronze Medal,Iga SWIATEK,W,Tennis,Women's Singles,POL,Poland
Silver Medal,WANG Zisai,M,Trampoline Gymnastics,Men,CHN,China
Bronze Medal,YAN Langyu,M,Trampoline Gymnastics,Men,CHN,China
Gold Medal,Bryony PAGE,W,Trampoline Gymnastics,Women,GBR,Great Britain
Bronze Medal,Sophiane METHOT,W,Trampoline Gymnastics,Women,CAN,Canada
Gold Medal,LIM Sihyeon,W,Archery,Women's Individual,KOR,Korea
Silver Medal,NAM Suhyeon,W,Archery,Women's Individual,KOR,Korea
Bronze Medal,Lisa BARBELIN,W,Archery,Women's Individual,FRA,France
Gold Medal,Carlos Edriel YULO,M,Artistic Gymnastics,Men's Floor Exercise,PHI,Philippines
Silver Medal,Artem DOLGOPYAT,M,Artistic Gymnastics,Men's Floor Exercise,ISR,Israel
Bronze Medal,Jake JARMAN,M,Artistic Gymnastics,Men's Floor Exercise,GBR,Great Britain
Gold Medal,Rhys MC CLENAGHAN,M,Artistic Gymnastics,Men's Pommel Horse,IRL,Ireland
Silver Medal,Nariman KURBANOV,M,Artistic Gymnastics,Men's Pommel Horse,KAZ,Kazakhstan
Bronze Medal,Stephen NEDOROSCIK,M,Artistic Gymnastics,Men's Pommel Horse,USA,United States
Gold Medal,Simone BILES,W,Artistic Gymnastics,Women's Vault,USA,United States
Silver Medal,Rebeca ANDRADE,W,Artistic Gymnastics,Women's Vault,BRA,Brazil
Bronze Medal,Jade CAREY,W,Artistic Gymnastics,Women's Vault,USA,United States
Gold Medal,Netherlands,X,Athletics,4 x 400m Relay Mixed,NED,Netherlands
Silver Medal,United States,X,Athletics,4 x 400m Relay Mixed,USA,United States
Bronze Medal,Great Britain,X,Athletics,4 x 400m Relay Mixed,GBR,Great Britain
Gold Medal,Markus ROOTH,M,Athletics,Men's Decathlon,NOR,Norway
Silver Medal,Leo NEUGEBAUER,M,Athletics,Men's Decathlon,GER,Germany
Bronze Medal,Lindon VICTOR,M,Athletics,Men's Decathlon,GRN,Grenada
Gold Medal,Ryan CROUSER,M,Athletics,Men's Shot Put,USA,United States
Silver Medal,Joe KOVACS,M,Athletics,Men's Shot Put,USA,United States
Bronze Medal,Rajindra CAMPBELL,M,Athletics,Men's Shot Put,JAM,Jamaica
Gold Medal,Julien ALFRED,W,Athletics,Women's 100m,LCA,Saint Lucia
Silver Medal,Sha'carri RICHARDSON,W,Athletics,Women's 100m,USA,United States
Bronze Medal,Melissa JEFFERSON,W,Athletics,Women's 100m,USA,United States
Gold Medal,Thea LAFOND,W,Athletics,Women's Triple Jump,DMA,Dominica
Silver Medal,Shanieka RICKETTS,W,Athletics,Women's Triple Jump,JAM,Jamaica
Bronze Medal,Jasmine MOORE,W,Athletics,Women's Triple Jump,USA,United States
Gold Medal,CHEN/JIA,W,Badminton,Women's Doubles,CHN,China
Silver Medal,LIU/TAN,W,Badminton,Women's Doubles,CHN,China
Bronze Medal,MATSUYAMA/SHIDA,W,Badminton,Women's Doubles,JPN,Japan
Bronze Medal,WU Shih Yi,W,Boxing,Women's 60kg,TPE,Chinese Taipei
Bronze Medal,Beatriz Iasmin SOARES FERREIRA,W,Boxing,Women's 60kg,BRA,Brazil
Gold Medal,Remco EVENEPOEL,M,Cycling Road,Men's Road Race,BEL,Belgium
Silver Medal,Valentin MADOUAS,M,Cycling Road,Men's Road Race,FRA,France
Bronze Medal,Christophe LAPORTE,M,Cycling Road,Men's Road Race,FRA,France
Gold Medal,Germany,O,Equestrian,Dressage Team,GER,Germany
Silver Medal,Denmark,O,Equestrian,Dressage Team,DEN,Denmark
Bronze Medal,Great Britain,O,Equestrian,Dressage Team,GBR,Great Britain
Gold Medal,Ukraine,W,Fencing,Women's Sabre Team,UKR,Ukraine
Silver Medal,Korea,W,Fencing,Women's Sabre Team,KOR,Korea
Bronze Medal,Japan,W,Fencing,Women's Sabre Team,JPN,Japan
Gold Medal,France,X,Judo,Mixed Team,FRA,France
Silver Medal,Japan,X,Judo,Mixed Team,JPN,Japan
Bronze Medal,Brazil,X,Judo,Mixed Team,BRA,Brazil
Bronze Medal,Korea,X,Judo,Mixed Team,KOR,Korea
Gold Medal,Great Britain,M,Rowing,Men's Eight,GBR,Great Britain
Silver Medal,Netherlands,M,Rowing,Men's Eight,NED,Netherlands
Bronze Medal,United States,M,Rowing,Men's Eight,USA,United States
Gold Medal,Oliver ZEIDLER,M,Rowing,Men's Single Sculls,GER,Germany
Bronze Medal,Simon van DORP,M,Rowing,Men's Single Sculls,NED,Netherlands
Gold Medal,Romania,W,Rowing,Women's Eight,ROU,Romania
Silver Medal,Canada,W,Rowing,Women's Eight,CAN,Canada
Bronze Medal,Great Britain,W,Rowing,Women's Eight,GBR,Great Britain
Gold Medal,Karolien FLORIJN,W,Rowing,Women's Single Sculls,NED,Netherlands
Silver Medal,Emma TWIGG,W,Rowing,Women's Single Sculls,NZL,New Zealand
Bronze Medal,Viktorija SENKUTE,W,Rowing,Women's Single Sculls,LTU,Lithuania
Gold Medal,Tom REUVENY,M,Sailing,Men's Windsurfing,ISR,Israel
Silver Medal,Grae MORRIS,M,Sailing,Men's Windsurfing,AUS,Australia
Bronze Medal,Luuc van OPZEELAND,M,Sailing,Men's Windsurfing,NED,Netherlands
Gold Medal,Marta MAGGETTI,W,Sailing,Women's Windsurfing,ITA,Italy
Silver Medal,Sharon KANTOR,W,Sailing,Women's Windsurfing,ISR,Israel
Bronze Medal,Emma WILSON,W,Sailing,Women's Windsurfing,GBR,Great Britain
Gold Medal,YANG Jiin,W,Shooting,25m Pistol Women,KOR,Korea
Silver Medal,Camille JEDRZEJEWSKI,W,Shooting,25m Pistol Women,FRA,France
Bronze Medal,Veronika MAJOR,W,Shooting,25m Pistol Women,HUN,Hungary
Gold Medal,Vincent HANCOCK,M,Shooting,Skeet Men,USA,United States
Silver Medal,Conner Lynn PRINCE,M,Shooting,Skeet Men,USA,United States
Bronze Medal,LEE Meng Yuan,M,Shooting,Skeet Men,TPE,Chinese Taipei
Gold Medal,Kristof MILAK,M,Swimming,Men's 100m Butterfly,HUN,Hungary
Silver Medal,Josh LIENDO,M,Swimming,Men's 100m Butterfly,CAN,Canada
Bronze Medal,Ilya KHARUN,M,Swimming,Men's 100m Butterfly,CAN,Canada
Gold Medal,United States,X,Swimming,Mixed 4 x 100m Medley Relay,USA,United States
Silver Medal,China,X,Swimming,Mixed 4 x 100m Medley Relay,CHN,China
Bronze Medal,Australia,X,Swimming,Mixed 4 x 100m Medley Relay,AUS,Australia
Gold Medal,Summer McINTOSH,W,Swimming,Women's 200m Individual Medley,CAN,Canada
Silver Medal,Kate DOUGLASS,W,Swimming,Women's 200m Individual Medley,USA,United States
Bronze Medal,Kaylee McKEOWN,W,Swimming,Women's 200m Individual Medley,AUS,Australia
Gold Medal,Katie LEDECKY,W,Swimming,Women's 800m Freestyle,USA,United States
Silver Medal,Ariarne TITMUS,W,Swimming,Women's 800m Freestyle,AUS,Australia
Bronze Medal,Paige MADDEN,W,Swimming,Women's 800m Freestyle,USA,United States
Gold Medal,CHEN Meng,W,Table Tennis,Women's Singles,CHN,China
Silver Medal,SUN Yingsha,W,Table Tennis,Women's Singles,CHN,China
Bronze Medal,Hina HAYATA,W,Table Tennis,Women's Singles,JPN,Japan
Gold Medal,EBDEN/PEERS,M,Tennis,Men's Doubles,AUS,Australia
Silver Medal,KRAJICEK/RAM,M,Tennis,Men's Doubles,USA,United States
Bronze Medal,FRITZ/PAUL,M,Tennis,Men's Doubles,USA,United States
Bronze Medal,Lorenzo MUSETTI,M,Tennis,Men's Singles,ITA,Italy
Gold Medal,ZHENG Qinwen,W,Tennis,Women's Singles,CHN,China
Silver Medal,Donna VEKIC,W,Tennis,Women's Singles,CRO,Croatia
Gold Medal,KIM Woojin,M,Archery,Men's Individual,KOR,Korea
Silver Medal,Brady ELLISON,M,Archery,Men's Individual,USA,United States
Bronze Medal,LEE Wooseok,M,Archery,Men's Individual,KOR,Korea
Gold Medal,LIU Yang,M,Artistic Gymnastics,Men's Rings,CHN,China
Silver Medal,ZOU Jingyuan,M,Artistic Gymnastics,Men's Rings,CHN,China
Bronze Medal,Eleftherios PETROUNIAS,M,Artistic Gymnastics,Men's Rings,GRE,Greece
Gold Medal,Carlos Edriel YULO,M,Artistic Gymnastics,Men's Vault,PHI,Philippines
Silver Medal,Artur DAVTYAN,M,Artistic Gymnastics,Men's Vault,ARM,Armenia
Bronze Medal,Harry HEPWORTH,M,Artistic Gymnastics,Men's Vault,GBR,Great Britain
Gold Medal,Kaylia NEMOUR,W,Artistic Gymnastics,Women's Uneven Bars,ALG,Algeria
Silver Medal,QIU Qiyuan,W,Artistic Gymnastics,Women's Uneven Bars,CHN,China
Bronze Medal,Sunisa LEE,W,Artistic Gymnastics,Women's Uneven Bars,USA,United States
Gold Medal,Noah LYLES,M,Athletics,Men's 100m,USA,United States
Silver Medal,Kishane THOMPSON,M,Athletics,Men's 100m,JAM,Jamaica
Bronze Medal,Fred KERLEY,M,Athletics,Men's 100m,USA,United States
Gold Medal,Ethan KATZBERG,M,Athletics,Men's Hammer Throw,CAN,Canada
Silver Medal,Bence HALASZ,M,Athletics,Men's Hammer Throw,HUN,Hungary
Bronze Medal,Mykhaylo KOKHAN,M,Athletics,Men's Hammer Throw,UKR,Ukraine
Gold Medal,Yaroslava MAHUCHIKH,W,Athletics,Women's High Jump,UKR,Ukraine
Silver Medal,Nicola OLYSLAGERS,W,Athletics,Women's High Jump,AUS,Australia
Bronze Medal,Iryna GERASHCHENKO,W,Athletics,Women's High Jump,UKR,Ukraine
Bronze Medal,Eleanor PATTERSON,W,Athletics,Women's High Jump,AUS,Australia
Gold Medal,LEE/WANG,M,Badminton,Men's Doubles,TPE,Chinese Taipei
Silver Medal,LIANG/WANG,M,Badminton,Men's Doubles,CHN,China
Bronze Medal,CHIA/SOH,M,Badminton,Men's Doubles,MAS,Malaysia
Bronze Medal,Gregoria Mariska TUNJUNG,W,Badminton,Women's Singles,INA,Indonesia
Bronze Medal,Yunior ALCANTARA REYES,M,Boxing,Men's 51kg,DOM,Dominican Republic
Bronze Medal,David de PINA,M,Boxing,Men's 51kg,CPV,Cabo Verde
Bronze Medal,Wyatt SANFORD,M,Boxing,Men's 63.5kg,CAN,Canada
Bronze Medal,Lasha GURULI,M,Boxing,Men's 63.5kg,GEO,Georgia
Bronze Medal,Cristian Javier PINALES,M,Boxing,Men's 80kg,DOM,Dominican Republic
Bronze Medal,Arlen LOPEZ CARDONA,M,Boxing,Men's 80kg,CUB,Cuba
Bronze Medal,Enmanuel REYES PLA,M,Boxing,Men's 92kg,ESP,Spain
Bronze Medal,Davlat BOLTAEV,M,Boxing,Men's 92kg,TJK,Tajikistan
Bronze Medal,PANG Cholmi,W,Boxing,Women's 54kg,PRK,DPR Korea
Bronze Medal,IM Aeji,W,Boxing,Women's 54kg,KOR,Korea
Gold Medal,Kristen FAULKNER,W,Cycling Road,Women's Road Race,USA,United States
Silver Medal,Marianne VOS,W,Cycling Road,Women's Road Race,NED,Netherlands
Bronze Medal,Lotte KOPECKY,W,Cycling Road,Women's Road Race,BEL,Belgium
Gold Medal,Jessica von BREDOW-WERNDL,O,Equestrian,Dressage Individual,GER,Germany
Silver Medal,Isabell WERTH,O,Equestrian,Dressage Individual,GER,Germany
Bronze Medal,Charlotte FRY,O,Equestrian,Dressage Individual,GBR,Great Britain
Gold Medal,Japan,M,Fencing,Men's Foil Team,JPN,Japan
Silver Medal,Italy,M,Fencing,Men's Foil Team,ITA,Italy
Bronze Medal,France,M,Fencing,Men's Foil Team,FRA,France
Gold Medal,Scottie SCHEFFLER,M,Golf,Men's Individual Stroke Play,USA,United States
Silver Medal,Tommy FLEETWOOD,M,Golf,Men's Individual Stroke Play,GBR,Great Britain
Bronze Medal,MATSUYAMA Hideki,M,Golf,Men's Individual Stroke Play,JPN,Japan
Gold Medal,Francisca CROVETTO CHADID,W,Shooting,Skeet Women,CHI,Chile
Silver Medal,Amber Jo RUTTER,W,Shooting,Skeet Women,GBR,Great Britain
Bronze Medal,Austen Jewell SMITH,W,Shooting,Skeet Women,USA,United States
Gold Medal,Bobby FINKE,M,Swimming,Men's 1500m Freestyle,USA,United States
Silver Medal,Gregorio PALTRINIERI,M,Swimming,Men's 1500m Freestyle,ITA,Italy
Bronze Medal,Daniel WIFFEN,M,Swimming,Men's 1500m Freestyle,IRL,Ireland
Gold Medal,China,M,Swimming,Men's 4 x 100m Medley Relay,CHN,China
Silver Medal,United States,M,Swimming,Men's 4 x 100m Medley Relay,USA,United States
Bronze Medal,France,M,Swimming,Men's 4 x 100m Medley Relay,FRA,France
Gold Medal,United States,W,Swimming,Women's 4 x 100m Medley Relay,USA,United States
Silver Medal,Australia,W,Swimming,Women's 4 x 100m Medley Relay,AUS,Australia
Bronze Medal,China,W,Swimming,Women's 4 x 100m Medley Relay,CHN,China
Gold Medal,Sarah SJOESTROEM,W,Swimming,Women's 50m Freestyle,SWE,Sweden
Silver Medal,Meg HARRIS,W,Swimming,Women's 50m Freestyle,AUS,Australia
Bronze Medal,ZHANG Yufei,W,Swimming,Women's 50m Freestyle,CHN,China
Gold Medal,FAN Zhendong,M,Table Tennis,Men's Singles,CHN,China
Silver Medal,Truls MOREGARD,M,Table Tennis,Men's Singles,SWE,Sweden
Bronze Medal,Felix LEBRUN,M,Table Tennis,Men's Singles,FRA,France
Gold Medal,Novak DJOKOVIC,M,Tennis,Men's Singles,SRB,Serbia
Silver Medal,Carlos ALCARAZ,M,Tennis,Men's Singles,ESP,Spain
Gold Medal,ERRANI/PAOLINI,W,Tennis,Women's Doubles,ITA,Italy
Bronze Medal,BUCSA/SORRIBES TORMO,W,Tennis,Women's Doubles,ESP,Spain
Gold Medal,Netherlands,M,3x3 Basketball,Men,NED,Netherlands
Silver Medal,France,M,3x3 Basketball,Men,FRA,France
Bronze Medal,Lithuania,M,3x3 Basketball,Men,LTU,Lithuania
Gold Medal,Germany,W,3x3 Basketball,Women,GER,Germany
Silver Medal,Spain,W,3x3 Basketball,Women,ESP,Spain
Bronze Medal,United States,W,3x3 Basketball,Women,USA,United States
Gold Medal,OKA Shinnosuke,M,Artistic Gymnastics,Men's Horizontal Bar,JPN,Japan
Silver Medal,Angel BARAJAS,M,Artistic Gymnastics,Men's Horizontal Bar,COL,Colombia
Bronze Medal,ZHANG Boheng,M,Artistic Gymnastics,Men's Horizontal Bar,CHN,China
Bronze Medal,TANG Chia-Hung,M,Artistic Gymnastics,Men's Horizontal Bar,TPE,Chinese Taipei
Gold Medal,ZOU Jingyuan,M,Artistic Gymnastics,Men's Parallel Bars,CHN,China
Silver Medal,Illia KOVTUN,M,Artistic Gymnastics,Men's Parallel Bars,UKR,Ukraine
Bronze Medal,OKA Shinnosuke,M,Artistic Gymnastics,Men's Parallel Bars,JPN,Japan
Gold Medal,Alice D'AMATO,W,Artistic Gymnastics,Women's Balance Beam,ITA,Italy
Silver Medal,ZHOU Yaqin,W,Artistic Gymnastics,Women's Balance Beam,CHN,China
Bronze Medal,Manila ESPOSITO,W,Artistic Gymnastics,Women's Balance Beam,ITA,Italy
Gold Medal,Rebeca ANDRADE,W,Artistic Gymnastics,Women's Floor Exercise,BRA,Brazil
Silver Medal,Simone BILES,W,Artistic Gymnastics,Women's Floor Exercise,USA,United States
Bronze Medal,Ana BARBOSU,W,Artistic Gymnastics,Women's Floor Exercise,ROU,Romania
Gold Medal,Armand DUPLANTIS,M,Athletics,Men's Pole Vault,SWE,Sweden
Silver Medal,Sam KENDRICKS,M,Athletics,Men's Pole Vault,USA,United States
Bronze Medal,Emmanouil KARALIS,M,Athletics,Men's Pole Vault,GRE,Greece
Gold Medal,Beatrice CHEBET,W,Athletics,Women's 5000m,KEN,Kenya
Silver Medal,Faith KIPYEGON,W,Athletics,Women's 5000m,KEN,Kenya
Bronze Medal,Sifan HASSAN,W,Athletics,Women's 5000m,NED,Netherlands
Gold Medal,Keely HODGKINSON,W,Athletics,Women's 800m,GBR,Great Britain
Silver Medal,Tsige DUGUMA,W,Athletics,Women's 800m,ETH,Ethiopia
Bronze Medal,Mary MORAA,W,Athletics,Women's 800m,KEN,Kenya
Gold Medal,Valarie ALLMAN,W,Athletics,Women's Discus Throw,USA,United States
Silver Medal,FENG Bin,W,Athletics,Women's Discus Throw,CHN,China
Bronze Medal,Sandra ELKASEVIC,W,Athletics,Women's Discus Throw,CRO,Croatia
Gold Medal,Viktor AXELSEN,M,Badminton,Men's Singles,DEN,Denmark
Silver Medal,Kunlavut VITIDSARN,M,Badminton,Men's Singles,THA,Thailand
Bronze Medal,Zii Jia LEE,M,Badminton,Men's Singles,MAS,Malaysia
Gold Medal,AN Se Young,W,Badminton,Women's Singles,KOR,Korea
Silver Medal,HE Bing Jiao,W,Badminton,Women's Singles,CHN,China
Gold Medal,Finn BUTCHER,M,Canoe Slalom,Men's Kayak Cross,NZL,New Zealand
Silver Medal,Joseph CLARKE,M,Canoe Slalom,Men's Kayak Cross,GBR,Great Britain
Bronze Medal,Noah HEGGE,M,Canoe Slalom,Men's Kayak Cross,GER,Germany
Gold Medal,Noemie FOX,W,Canoe Slalom,Women's Kayak Cross,AUS,Australia
Silver Medal,Angele HUG,W,Canoe Slalom,Women's Kayak Cross,FRA,France
Bronze Medal,Kimberley WOODS,W,Canoe Slalom,Women's Kayak Cross,GBR,Great Britain
Gold Medal,Great Britain,W,Cycling Track,Women's Team Sprint,GBR,Great Britain
Silver Medal,New Zealand,W,Cycling Track,Women's Team Sprint,NZL,New Zealand
Bronze Medal,Germany,W,Cycling Track,Women's Team Sprint,GER,Germany
Gold Medal,LI Yuehong,M,Shooting,25m Rapid Fire Pistol Men,CHN,China
Silver Medal,CHO Yeongjae,M,Shooting,25m Rapid Fire Pistol Men,KOR,Korea
Bronze Medal,WANG Xinjie,M,Shooting,25m Rapid Fire Pistol Men,CHN,China
Gold Medal,Italy 1,X,Shooting,Skeet Mixed Team,ITA,Italy
Silver Medal,United States 1,X,Shooting,Skeet Mixed Team,USA,United States
Bronze Medal,China,X,Shooting,Skeet Mixed Team,CHN,China
Gold Medal,Kauli VAAST,M,Surfing,Men,FRA,France
Silver Medal,Jack ROBINSON,M,Surfing,Men,AUS,Australia
Bronze Medal,Gabriel MEDINA,M,Surfing,Men,BRA,Brazil
Gold Medal,Caroline MARKS,W,Surfing,Women,USA,United States
Silver Medal,Tatiana WESTON-WEBB,W,Surfing,Women,BRA,Brazil
Bronze Medal,Johanne DEFAY,W,Surfing,Women,FRA,France
Gold Medal,Germany,X,Triathlon,Mixed Relay,GER,Germany
Silver Medal,United States,X,Triathlon,Mixed Relay,USA,United States
Bronze Medal,Great Britain,X,Triathlon,Mixed Relay,GBR,Great Britain
Gold Medal,Cole HOCKER,M,Athletics,Men's 1500m,USA,United States
Silver Medal,Josh KERR,M,Athletics,Men's 1500m,GBR,Great Britain
Bronze Medal,Yared NUGUSE,M,Athletics,Men's 1500m,USA,United States
Gold Medal,Miltiadis TENTOGLOU,M,Athletics,Men's Long Jump,GRE,Greece
Silver Medal,Wayne PINNOCK,M,Athletics,Men's Long Jump,JAM,Jamaica
Bronze Medal,Mattia FURLANI,M,Athletics,Men's Long Jump,ITA,Italy
Gold Medal,Gabrielle THOMAS,W,Athletics,Women's 200m,USA,United States
Silver Medal,Julien ALFRED,W,Athletics,Women's 200m,LCA,Saint Lucia
Bronze Medal,Brittany BROWN,W,Athletics,Women's 200m,USA,United States
Gold Medal,Winfred YAVI,W,Athletics,Women's 3000m Steeplechase,BRN,Bahrain
Silver Medal,Peruth CHEMUTAI,W,Athletics,Women's 3000m Steeplechase,UGA,Uganda
Bronze Medal,Faith CHEROTICH,W,Athletics,Women's 3000m Steeplechase,KEN,Kenya
Gold Medal,Camryn ROGERS,W,Athletics,Women's Hammer Throw,CAN,Canada
Silver Medal,Annette Nneka ECHIKUNWOKE,W,Athletics,Women's Hammer Throw,USA,United States
Bronze Medal,ZHAO Jie,W,Athletics,Women's Hammer Throw,CHN,China
Bronze Medal,Omari JONES,M,Boxing,Men's 71kg,USA,United States
Bronze Medal,Lewis RICHARDSON,M,Boxing,Men's 71kg,GBR,Great Britain
Bronze Medal,Nazym KYZAIBAY,W,Boxing,Women's 50kg,KAZ,Kazakhstan
Bronze Medal,Aira VILLEGAS,W,Boxing,Women's 50kg,PHI,Philippines
Gold Medal,Kellie HARRINGTON,W,Boxing,Women's 60kg,IRL,Ireland
Silver Medal,YANG Wenlu,W,Boxing,Women's 60kg,CHN,China
Bronze Medal,Janjaem SUWANNAPHENG,W,Boxing,Women's 66kg,THA,Thailand
Bronze Medal,CHEN Nien Chin,W,Boxing,Women's 66kg,TPE,Chinese Taipei
Gold Medal,Netherlands,M,Cycling Track,Men's Team Sprint,NED,Netherlands
Silver Medal,Great Britain,M,Cycling Track,Men's Team Sprint,GBR,Great Britain
Bronze Medal,Australia,M,Cycling Track,Men's Team Sprint,AUS,Australia
Gold Medal,QUAN Hongchan,W,Diving,Women's 10m Platform,CHN,China
Silver Medal,CHEN Yuxi,W,Diving,Women's 10m Platform,CHN,China
Bronze Medal,KIM Mi Rae,W,Diving,Women's 10m Platform,PRK,DPR Korea
Gold Medal,Christian KUKUK,O,Equestrian,Jumping Individual,GER,Germany
Silver Medal,Steve GUERDAT,O,Equestrian,Jumping Individual,SUI,Switzerland
Bronze Medal,Maikel van der VLEUTEN,O,Equestrian,Jumping Individual,NED,Netherlands
Gold Medal,Arisa TREW,W,Skateboarding,Women's Park,AUS,Australia
Silver Medal,HIRAKI Cocona,W,Skateboarding,Women's Park,JPN,Japan
Bronze Medal,Sky BROWN,W,Skateboarding,Women's Park,GBR,Great Britain
Gold Medal,Mijain LOPEZ NUNEZ,M,Wrestling,Men's Greco-Roman 130kg,CUB,Cuba
Silver Medal,Yasmani ACOSTA FERNANDEZ,M,Wrestling,Men's Greco-Roman 130kg,CHI,Chile
Bronze Medal,Amin MIRZAZADEH,M,Wrestling,Men's Greco-Roman 130kg,IRI,IR Iran
Bronze Medal,MENG Lingzhe,M,Wrestling,Men's Greco-Roman 130kg,CHN,China
Gold Medal,FUMITA Kenichiro,M,Wrestling,Men's Greco-Roman 60kg,JPN,Japan
Silver Medal,CAO Liguo,M,Wrestling,Men's Greco-Roman 60kg,CHN,China
Bronze Medal,Zholaman SHARSHENBEKOV,M,Wrestling,Men's Greco-Roman 60kg,KGZ,Kyrgyzstan
Bronze Medal,RI Se Ung,M,Wrestling,Men's Greco-Roman 60kg,PRK,DPR Korea
Gold Medal,Amit ELOR,W,Wrestling,Women's Freestyle 68kg,USA,United States
Silver Medal,Meerim ZHUMANAZAROVA,W,Wrestling,Women's Freestyle 68kg,KGZ,Kyrgyzstan
Bronze Medal,Buse CAVUSOGLU TOSUN,W,Wrestling,Women's Freestyle 68kg,TUR,Türkiye
Bronze Medal,OZAKI Nonoka,W,Wrestling,Women's Freestyle 68kg,JPN,Japan
Gold Medal,China,O,Artistic Swimming,Team,CHN,China
Silver Medal,United States,O,Artistic Swimming,Team,USA,United States
Bronze Medal,Spain,O,Artistic Swimming,Team,ESP,Spain
Gold Medal,MARTIN A/PEREZ M,X,Athletics,Marathon Race Walk Relay Mixed,ESP,Spain
Silver Medal,PINTADO B/MOREJON G,X,Athletics,Marathon Race Walk Relay Mixed,ECU,Ecuador
Bronze Medal,COWLEY R/MONTAG J,X,Athletics,Marathon Race Walk Relay Mixed,AUS,Australia
Gold Medal,Soufiane EL BAKKALI,M,Athletics,Men's 3000m Steeplechase,MAR,Morocco
Silver Medal,Kenneth ROOKS,M,Athletics,Men's 3000m Steeplechase,USA,United States
Bronze Medal,Abraham KIBIWOT,M,Athletics,Men's 3000m Steeplechase,KEN,Kenya
Gold Medal,Quincy HALL,M,Athletics,Men's 400m,USA,United States
Silver Medal,Matthew HUDSON-SMITH,M,Athletics,Men's 400m,GBR,Great Britain
Bronze Medal,Muzala SAMUKONGA,M,Athletics,Men's 400m,ZAM,Zambia
Gold Medal,Roje STONA,M,Athletics,Men's Discus Throw,JAM,Jamaica
Silver Medal,Mykolas ALEKNA,M,Athletics,Men's Discus Throw,LTU,Lithuania
Bronze Medal,Matthew DENNY,M,Athletics,Men's Discus Throw,AUS,Australia
Gold Medal,Nina KENNEDY,W,Athletics,Women's Pole Vault,AUS,Australia
Silver Medal,Katie MOON,W,Athletics,Women's Pole Vault,USA,United States
Bronze Medal,Alysha NEWMAN,W,Athletics,Women's Pole Vault,CAN,Canada
Bronze Medal,Nelvie Raman TIAFACK,M,Boxing,Men's +92kg,GER,Germany
Bronze Medal,Djamili-Dini ABOUDOU MOINDZE,M,Boxing,Men's +92kg,FRA,France
Gold Medal,Erislandy ALVAREZ BORGES,M,Boxing,Men's 63.5kg,CUB,Cuba
Silver Medal,Sofiane OUMIHA,M,Boxing,Men's 63.5kg,FRA,France
Gold Medal,Oleksandr KHYZHNIAK,M,Boxing,Men's 80kg,UKR,Ukraine
Silver Medal,Nurbek ORALBAY,M,Boxing,Men's 80kg,KAZ,Kazakhstan
Bronze Medal,Esra YILDIZ KAHRAMAN,W,Boxing,Women's 57kg,TUR,Türkiye
Bronze Medal,Nesthy PETECIO,W,Boxing,Women's 57kg,PHI,Philippines
Gold Medal,Australia,M,Cycling Track,Men's Team Pursuit,AUS,Australia
Silver Medal,Great Britain,M,Cycling Track,Men's Team Pursuit,GBR,Great Britain
Bronze Medal,Italy,M,Cycling Track,Men's Team Pursuit,ITA,Italy
Gold Medal,United States,W,Cycling Track,Women's Team Pursuit,USA,United States
Silver Medal,New Zealand,W,Cycling Track,Women's Team Pursuit,NZL,New Zealand
Bronze Medal,Great Britain,W,Cycling Track,Women's Team Pursuit,GBR,Great Britain
Gold Medal,Matt WEARN,M,Sailing,Men's Dinghy,AUS,Australia
Silver Medal,Pavlos KONTIDES,M,Sailing,Men's Dinghy,CYP,Cyprus
Bronze Medal,Stefano PESCHIERA,M,Sailing,Men's Dinghy,PER,Peru
Gold Medal,Marit BOUWMEESTER,W,Sailing,Women's Dinghy,NED,Netherlands
Silver Medal,Anne-Marie RINDOM,W,Sailing,Women's Dinghy,DEN,Denmark
Bronze Medal,Line Flem HOEST,W,Sailing,Women's Dinghy,NOR,Norway
Gold Medal,Keegan PALMER,M,Skateboarding,Men's Park,AUS,Australia
Silver Medal,Tom SCHAAR,M,Skateboarding,Men's Park,USA,United States
Bronze Medal,Augusto AKIO,M,Skateboarding,Men's Park,BRA,Brazil
Gold Medal,Aleksandra MIROSLAW,W,Sport Climbing,Women's Speed,POL,Poland
Silver Medal,DENG Lijuan,W,Sport Climbing,Women's Speed,CHN,China
Bronze Medal,Aleksandra KALUCKA,W,Sport Climbing,Women's Speed,POL,Poland
Gold Medal,PARK Taejoon,M,Taekwondo,Men -58kg,KOR,Korea
Silver Medal,Gashim MAGOMEDOV,M,Taekwondo,Men -58kg,AZE,Azerbaijan
Bronze Medal,Cyrian RAVET,M,Taekwondo,Men -58kg,FRA,France
Bronze Medal,Mohamed Khalil JENDOUBI,M,Taekwondo,Men -58kg,TUN,Tunisia
Gold Medal,Panipak WONGPATTANAKIT,W,Taekwondo,Women -49kg,THA,Thailand
Silver Medal,GUO Qing,W,Taekwondo,Women -49kg,CHN,China
Bronze Medal,Mobina NEMATZADEH,W,Taekwondo,Women -49kg,IRI,IR Iran
Bronze Medal,Lena STOJKOVIC,W,Taekwondo,Women -49kg,CRO,Croatia
Gold Medal,LI Fabin,M,Weightlifting,Men's 61kg,CHN,China
Silver Medal,Theerapong SILACHAI,M,Weightlifting,Men's 61kg,THA,Thailand
Bronze Medal,Hampton MORRIS,M,Weightlifting,Men's 61kg,USA,United States
Gold Medal,HOU Zhihui,W,Weightlifting,Women's 49kg,CHN,China
Silver Medal,Mihaela Valentina CAMBEI,W,Weightlifting,Women's 49kg,ROU,Romania
Bronze Medal,Surodchana KHAMBAO,W,Weightlifting,Women's 49kg,THA,Thailand
Gold Medal,KUSAKA Nao,M,Wrestling,Men's Greco-Roman 77kg,JPN,Japan
Silver Medal,Demeu ZHADRAYEV,M,Wrestling,Men's Greco-Roman 77kg,KAZ,Kazakhstan
Bronze Medal,Malkhas AMOYAN,M,Wrestling,Men's Greco-Roman 77kg,ARM,Armenia
Bronze Medal,Akzhol MAKHMUDOV,M,Wrestling,Men's Greco-Roman 77kg,KGZ,Kyrgyzstan
Gold Medal,Mohammadhadi SARAVI,M,Wrestling,Men's Greco-Roman 97kg,IRI,IR Iran
Silver Medal,Artur ALEKSANYAN,M,Wrestling,Men's Greco-Roman 97kg,ARM,Armenia
Bronze Medal,Gabriel Alejandro ROSILLO KINDELAN,M,Wrestling,Men's Greco-Roman 97kg,CUB,Cuba
Bronze Medal,Uzur DZHUZUPBEKOV,M,Wrestling,Men's Greco-Roman 97kg,KGZ,Kyrgyzstan
Gold Medal,Sarah Ann HILDEBRANDT,W,Wrestling,Women's Freestyle 50kg,USA,United States
Silver Medal,Yusneylis GUZMAN LOPEZ,W,Wrestling,Women's Freestyle 50kg,CUB,Cuba
Bronze Medal,SUSAKI Yui,W,Wrestling,Women's Freestyle 50kg,JPN,Japan
Bronze Medal,FENG Ziqi,W,Wrestling,Women's Freestyle 50kg,CHN,China
Gold Medal,Grant HOLLOWAY,M,Athletics,Men's 110m Hurdles,USA,United States
Silver Medal,Daniel ROBERTS,M,Athletics,Men's 110m Hurdles,USA,United States
Bronze Medal,Rasheed BROADBELL,M,Athletics,Men's 110m Hurdles,JAM,Jamaica
Gold Medal,Letsile TEBOGO,M,Athletics,Men's 200m,BOT,Botswana
Silver Medal,Kenneth BEDNAREK,M,Athletics,Men's 200m,USA,United States
Bronze Medal,Noah LYLES,M,Athletics,Men's 200m,USA,United States
Gold Medal,Arshad NADEEM,M,Athletics,Men's Javelin Throw,PAK,Pakistan
Silver Medal,Neeraj CHOPRA,M,Athletics,Men's Javelin Throw,IND,India
Bronze Medal,Anderson PETERS,M,Athletics,Men's Javelin Throw,GRN,Grenada
Gold Medal,Sydney McLAUGHLIN-LEVRONE,W,Athletics,Women's 400m Hurdles,USA,United States
Silver Medal,Anna COCKRELL,W,Athletics,Women's 400m Hurdles,USA,United States
Bronze Medal,Femke BOL,W,Athletics,Women's 400m Hurdles,NED,Netherlands
Gold Medal,Tara DAVIS-WOODHALL,W,Athletics,Women's Long Jump,USA,United States
Silver Medal,Malaika MIHAMBO,W,Athletics,Women's Long Jump,GER,Germany
Bronze Medal,Jasmine MOORE,W,Athletics,Women's Long Jump,USA,United States
Gold Medal,Hasanboy DUSMATOV,M,Boxing,Men's 51kg,UZB,Uzbekistan
Silver Medal,Billal BENNAMA,M,Boxing,Men's 51kg,FRA,France
Bronze Medal,Charlie SENIOR,M,Boxing,Men's 57kg,AUS,Australia
Bronze Medal,Javier IBANEZ DIAZ,M,Boxing,Men's 57kg,BUL,Bulgaria
Gold Medal,CHANG Yuan,W,Boxing,Women's 54kg,CHN,China
Silver Medal,Hatice AKBAS,W,Boxing,Women's 54kg,TUR,Türkiye
Bronze Medal,Caitlin PARKER,W,Boxing,Women's 75kg,AUS,Australia
Gold Medal,LIU/JI,M,Canoe Sprint,Men's Canoe Double 500m,CHN,China
Silver Medal,CASADEI/TACCHINI,M,Canoe Sprint,Men's Canoe Double 500m,ITA,Italy
Bronze Medal,MORENO/DOMINGUEZ,M,Canoe Sprint,Men's Canoe Double 500m,ESP,Spain
Gold Medal,Germany,M,Canoe Sprint,Men's Kayak Four 500m,GER,Germany
Silver Medal,Australia,M,Canoe Sprint,Men's Kayak Four 500m,AUS,Australia
Bronze Medal,Spain,M,Canoe Sprint,Men's Kayak Four 500m,ESP,Spain
Gold Medal,New Zealand,W,Canoe Sprint,Women's Kayak Four 500m,NZL,New Zealand
Silver Medal,Germany,W,Canoe Sprint,Women's Kayak Four 500m,GER,Germany
Bronze Medal,Hungary,W,Canoe Sprint,Women's Kayak Four 500m,HUN,Hungary
Gold Medal,Benjamin THOMAS,M,Cycling Track,Men's Omnium,FRA,France
Silver Medal,Iuri LEITAO,M,Cycling Track,Men's Omnium,POR,Portugal
Bronze Medal,Fabio van den BOSSCHE,M,Cycling Track,Men's Omnium,BEL,Belgium
Gold Medal,Ellesse ANDREWS,W,Cycling Track,Women's Keirin,NZL,New Zealand
Silver Medal,Hetty van de WOUW,W,Cycling Track,Women's Keirin,NED,Netherlands
Bronze Medal,Emma FINUCANE,W,Cycling Track,Women's Keirin,GBR,Great Britain
Gold Medal,XIE Siyi,M,Diving,Men's 3m Springboard,CHN,China
Silver Medal,WANG Zongyuan,M,Diving,Men's 3m Springboard,CHN,China
Bronze Medal,Osmar OLVERA IBARRA,M,Diving,Men's 3m Springboard,MEX,Mexico
Bronze Medal,Morocco,M,Football,Men,MAR,Morocco
Gold Medal,Netherlands,M,Hockey,Men,NED,Netherlands
Silver Medal,Germany,M,Hockey,Men,GER,Germany
Bronze Medal,India,M,Hockey,Men,IND,India
Gold Medal,Sharon van ROUWENDAAL,W,Marathon Swimming,Women's 10km,NED,Netherlands
Silver Medal,Moesha JOHNSON,W,Marathon Swimming,Women's 10km,AUS,Australia
Bronze Medal,Ginevra TADDEUCCI,W,Marathon Swimming,Women's 10km,ITA,Italy
Gold Medal,VADLAU/MAEHR,X,Sailing,Mixed Dinghy,AUT,Austria
Silver Medal,OKADA/YOSHIOKA,X,Sailing,Mixed Dinghy,JPN,Japan
Bronze Medal,DAHLBERG/KARLSSON,X,Sailing,Mixed Dinghy,SWE,Sweden
Gold Medal,TITA/BANTI,X,Sailing,Mixed Multihull,ITA,Italy
Silver Medal,MAJDALANI/BOSCO,X,Sailing,Mixed Multihull,ARG,Argentina
Bronze Medal,WILKINSON/DAWSON,X,Sailing,Mixed Multihull,NZL,New Zealand
Gold Medal,Eleanor ALDRIDGE,W,Sailing,Women's Kite,GBR,Great Britain
Silver Medal,Lauriane NOLOT,W,Sailing,Women's Kite,FRA,France
Bronze Medal,Annelous LAMMERTS,W,Sailing,Women's Kite,NED,Netherlands
Gold Medal,Veddriq LEONARDO,M,Sport Climbing,Men's Speed,INA,Indonesia
Silver Medal,WU Peng,M,Sport Climbing,Men's Speed,CHN,China
Bronze Medal,Sam WATSON,M,Sport Climbing,Men's Speed,USA,United States
Gold Medal,Ulugbek RASHITOV,M,Taekwondo,Men -68kg,UZB,Uzbekistan
Silver Medal,Zaid KAREEM,M,Taekwondo,Men -68kg,JOR,Jordan
Bronze Medal,LIANG Yushuai,M,Taekwondo,Men -68kg,CHN,China
Bronze Medal,Edival PONTES,M,Taekwondo,Men -68kg,BRA,Brazil
Gold Medal,KIM Yujin,W,Taekwondo,Women -57kg,KOR,Korea
Silver Medal,Nahid KIYANICHANDEH,W,Taekwondo,Women -57kg,IRI,IR Iran
Bronze Medal,Skylar PARK,W,Taekwondo,Women -57kg,CAN,Canada
Bronze Medal,Alizadeh KIMIA,W,Taekwondo,Women -57kg,BUL,Bulgaria
Gold Medal,Rizki JUNIANSYAH,M,Weightlifting,Men's 73kg,INA,Indonesia
Silver Medal,Weeraphon WICHUMA,M,Weightlifting,Men's 73kg,THA,Thailand
Bronze Medal,Bozhidar Dimitrov ANDREEV,M,Weightlifting,Men's 73kg,BUL,Bulgaria
Gold Medal,LUO Shifang,W,Weightlifting,Women's 59kg,CHN,China
Silver Medal,Maude CHARRON,W,Weightlifting,Women's 59kg,CAN,Canada
Bronze Medal,KUO Hsing-Chun,W,Weightlifting,Women's 59kg,TPE,Chinese Taipei
Gold Medal,Saeid ESMAEILI LEIVESI,M,Wrestling,Men's Greco-Roman 67kg,IRI,IR Iran
Silver Medal,Parviz NASIBOV,M,Wrestling,Men's Greco-Roman 67kg,UKR,Ukraine
Bronze Medal,Hasrat JAFAROV,M,Wrestling,Men's Greco-Roman 67kg,AZE,Azerbaijan
Bronze Medal,Luis Alberto ORTA SANCHEZ,M,Wrestling,Men's Greco-Roman 67kg,CUB,Cuba
Gold Medal,Semen Sergeevich NOVIKOV,M,Wrestling,Men's Greco-Roman 87kg,BUL,Bulgaria
Silver Medal,Alireza MOHMADIPIANI,M,Wrestling,Men's Greco-Roman 87kg,IRI,IR Iran
Bronze Medal,Zhan BELENIUK,M,Wrestling,Men's Greco-Roman 87kg,UKR,Ukraine
Bronze Medal,Turpal Ali BISULTANOV,M,Wrestling,Men's Greco-Roman 87kg,DEN,Denmark
Gold Medal,FUJINAMI Akari,W,Wrestling,Women's Freestyle 53kg,JPN,Japan
Silver Medal,Lucia Yamileth YEPEZ GUZMAN,W,Wrestling,Women's Freestyle 53kg,ECU,Ecuador
Bronze Medal,CHOE Hyo Gyong,W,Wrestling,Women's Freestyle 53kg,PRK,DPR Korea
Bronze Medal,PANG Qianyu,W,Wrestling,Women's Freestyle 53kg,CHN,China
Gold Medal,Canada,M,Athletics,Men's 4 x 100m Relay,CAN,Canada
Silver Medal,South Africa,M,Athletics,Men's 4 x 100m Relay,RSA,South Africa
Bronze Medal,Great Britain,M,Athletics,Men's 4 x 100m Relay,GBR,Great Britain
Gold Medal,Rai BENJAMIN,M,Athletics,Men's 400m Hurdles,USA,United States
Silver Medal,Karsten WARHOLM,M,Athletics,Men's 400m Hurdles,NOR,Norway
Bronze Medal,Alison dos SANTOS,M,Athletics,Men's 400m Hurdles,BRA,Brazil
Gold Medal,Jordan Alejandro DIAZ FORTUN,M,Athletics,Men's Triple Jump,ESP,Spain
Silver Medal,Pedro PICHARDO,M,Athletics,Men's Triple Jump,POR,Portugal
Bronze Medal,Andy DIAZ HERNANDEZ,M,Athletics,Men's Triple Jump,ITA,Italy
Gold Medal,Beatrice CHEBET,W,Athletics,"Women's 10,000m",KEN,Kenya
Silver Medal,Nadia BATTOCLETTI,W,Athletics,"Women's 10,000m",ITA,Italy
Bronze Medal,Sifan HASSAN,W,Athletics,"Women's 10,000m",NED,Netherlands
Gold Medal,United States,W,Athletics,Women's 4 x 100m Relay,USA,United States
Silver Medal,Great Britain,W,Athletics,Women's 4 x 100m Relay,GBR,Great Britain
Bronze Medal,Germany,W,Athletics,Women's 4 x 100m Relay,GER,Germany
Gold Medal,Marileidy PAULINO,W,Athletics,Women's 400m,DOM,Dominican Republic
Silver Medal,Salwa Eid NASER,W,Athletics,Women's 400m,BRN,Bahrain
Bronze Medal,Natalia KACZMAREK,W,Athletics,Women's 400m,POL,Poland
Gold Medal,Yemisi OGUNLEYE,W,Athletics,Women's Shot Put,GER,Germany
Silver Medal,Maddison-Lee WESCHE,W,Athletics,Women's Shot Put,NZL,New Zealand
Bronze Medal,SONG Jiayuan,W,Athletics,Women's Shot Put,CHN,China
Gold Medal,ANA PATRICIA/DUDA,W,Beach Volleyball,Women,BRA,Brazil
Silver Medal,MELISSA/BRANDIE,W,Beach Volleyball,Women,CAN,Canada
Bronze Medal,HUBERLI/BRUNNER,W,Beach Volleyball,Women,SUI,Switzerland
Gold Medal,Asadkhuja MUYDINKHUJAEV,M,Boxing,Men's 71kg,UZB,Uzbekistan
Silver Medal,Marco Alonso VERDE ALVAREZ,M,Boxing,Men's 71kg,MEX,Mexico
Gold Medal,Lazizbek MULLOJONOV,M,Boxing,Men's 92kg,UZB,Uzbekistan
Silver Medal,Loren Berto ALFONSO DOMINGUEZ,M,Boxing,Men's 92kg,AZE,Azerbaijan
Gold Medal,WU Yu,W,Boxing,Women's 50kg,CHN,China
Silver Medal,Buse Naz CAKIROGLU,W,Boxing,Women's 50kg,TUR,Türkiye
Gold Medal,Imane KHELIF,W,Boxing,Women's 66kg,ALG,Algeria
Silver Medal,YANG Liu,W,Boxing,Women's 66kg,CHN,China
Gold Medal,AMI,W,Breaking,B-Girls,JPN,Japan
Silver Medal,NICKA,W,Breaking,B-Girls,LTU,Lithuania
Bronze Medal,671,W,Breaking,B-Girls,CHN,China
Gold Medal,Martin FUKSA,M,Canoe Sprint,Men's Canoe Single 1000m,CZE,Czechia
Silver Medal,Isaquias QUEIROZ,M,Canoe Sprint,Men's Canoe Single 1000m,BRA,Brazil
Bronze Medal,Serghei TARNOVSCHI,M,Canoe Sprint,Men's Canoe Single 1000m,MDA,Republic of Moldova
Gold Medal,SCHOPF/LEMKE,M,Canoe Sprint,Men's Kayak Double 500m,GER,Germany
Silver Medal,NADAS/TOTKA,M,Canoe Sprint,Men's Kayak Double 500m,HUN,Hungary
Bronze Medal,van der WE/GREEN,M,Canoe Sprint,Men's Kayak Double 500m,AUS,Australia
Gold Medal,XU/SUN,W,Canoe Sprint,Women's Canoe Double 500m,CHN,China
Silver Medal,LUZAN/RYBACHOK,W,Canoe Sprint,Women's Canoe Double 500m,UKR,Ukraine
Bronze Medal,MACKENZIE/VINCENT,W,Canoe Sprint,Women's Canoe Double 500m,CAN,Canada
Gold Medal,CARRINGTON/HOSKIN,W,Canoe Sprint,Women's Kayak Double 500m,NZL,New Zealand
Silver Medal,CSIPES/GAZSO,W,Canoe Sprint,Women's Kayak Double 500m,HUN,Hungary
Bronze Medal,PASZEK/HAKE,W,Canoe Sprint,Women's Kayak Double 500m,GER,Germany
Bronze Medal,PUPP/FOJT,W,Canoe Sprint,Women's Kayak Double 500m,HUN,Hungary
Gold Medal,Harrie LAVREYSEN,M,Cycling Track,Men's Sprint,NED,Netherlands
Silver Medal,Matthew RICHARDSON,M,Cycling Track,Men's Sprint,AUS,Australia
Bronze Medal,Jack CARLIN,M,Cycling Track,Men's Sprint,GBR,Great Britain
Gold Medal,Italy,W,Cycling Track,Women's Madison,ITA,Italy
Silver Medal,Great Britain,W,Cycling Track,Women's Madison,GBR,Great Britain
Bronze Medal,Netherlands,W,Cycling Track,Women's Madison,NED,Netherlands
Gold Medal,CHEN Yiwen,W,Diving,Women's 3m Springboard,CHN,China
Silver Medal,Maddison KEENEY,W,Diving,Women's 3m Springboard,AUS,Australia
Bronze Medal,CHANG Yani,W,Diving,Women's 3m Springboard,CHN,China
Gold Medal,Spain,M,Football,Men,ESP,Spain
Silver Medal,France,M,Football,Men,FRA,France
Bronze Medal,Germany,W,Football,Women,GER,Germany
Gold Medal,Netherlands,W,Hockey,Women,NED,Netherlands
Silver Medal,China,W,Hockey,Women,CHN,China
Bronze Medal,Argentina,W,Hockey,Women,ARG,Argentina
Gold Medal,Kristof RASOVSZKY,M,Marathon Swimming,Men's 10km,HUN,Hungary
Silver Medal,Oliver KLEMET,M,Marathon Swimming,Men's 10km,GER,Germany
Bronze Medal,David BETLEHEM,M,Marathon Swimming,Men's 10km,HUN,Hungary
Gold Medal,Valentin BONTUS,M,Sailing,Men's Kite,AUT,Austria
Silver Medal,Toni VODISEK,M,Sailing,Men's Kite,SLO,Slovenia
Bronze Medal,Maximilian MAEDER,M,Sailing,Men's Kite,SGP,Singapore
Gold Medal,Toby ROBERTS,M,Sport Climbing,Men's Boulder & Lead,GBR,Great Britain
Silver Medal,ANRAKU Sorato,M,Sport Climbing,Men's Boulder & Lead,JPN,Japan
Bronze Medal,Jakob SCHUBERT,M,Sport Climbing,Men's Boulder & Lead,AUT,Austria
Gold Medal,China,M,Table Tennis,Men's Team,CHN,China
Silver Medal,Sweden,M,Table Tennis,Men's Team,SWE,Sweden
Bronze Medal,France,M,Table Tennis,Men's Team,FRA,France
Gold Medal,Firas KATOUSSI,M,Taekwondo,Men -80kg,TUN,Tunisia
Silver Medal,Mehran BARKHORDARI,M,Taekwondo,Men -80kg,IRI,IR Iran
Bronze Medal,Simone ALESSIO,M,Taekwondo,Men -80kg,ITA,Italy
Bronze Medal,Edi HRNIC,M,Taekwondo,Men -80kg,DEN,Denmark
Gold Medal,Viviana MARTON,W,Taekwondo,Women -67kg,HUN,Hungary
Silver Medal,Aleksandra PERISIC,W,Taekwondo,Women -67kg,SRB,Serbia
Bronze Medal,Kristina TEACHOUT,W,Taekwondo,Women -67kg,USA,United States
Bronze Medal,Sarah CHAARI,W,Taekwondo,Women -67kg,BEL,Belgium
Bronze Medal,United States,M,Volleyball,Men,USA,United States
Gold Medal,Karlos May NASAR,M,Weightlifting,Men's 89kg,BUL,Bulgaria
Silver Medal,Yeison LOPEZ,M,Weightlifting,Men's 89kg,COL,Colombia
Bronze Medal,Antonino PIZZOLATO,M,Weightlifting,Men's 89kg,ITA,Italy
Gold Medal,Olivia REEVES,W,Weightlifting,Women's 71kg,USA,United States
Silver Medal,Mari Leivis SANCHEZ,W,Weightlifting,Women's 71kg,COL,Colombia
Bronze Medal,Angie Paola PALACIOS DAJOMES,W,Weightlifting,Women's 71kg,ECU,Ecuador
Gold Medal,HIGUCHI Rei,M,Wrestling,Men's Freestyle 57kg,JPN,Japan
Silver Medal,Spencer Richard LEE,M,Wrestling,Men's Freestyle 57kg,USA,United States
Bronze Medal,Aman AMAN,M,Wrestling,Men's Freestyle 57kg,IND,India
Bronze Medal,Gulomjon ABDULLAEV,M,Wrestling,Men's Freestyle 57kg,UZB,Uzbekistan
Gold Medal,Magomed Eldarovitch RAMAZANOV,M,Wrestling,Men's Freestyle 86kg,BUL,Bulgaria
Silver Medal,Hassan YAZDANICHARATI,M,Wrestling,Men's Freestyle 86kg,IRI,IR Iran
Bronze Medal,Aaron Marquel BROOKS,M,Wrestling,Men's Freestyle 86kg,USA,United States
Bronze Medal,Dauren KURUGLIEV,M,Wrestling,Men's Freestyle 86kg,GRE,Greece
Gold Medal,SAKURAI Tsugumi,W,Wrestling,Women's Freestyle 57kg,JPN,Japan
Silver Medal,Anastasia NICHITA,W,Wrestling,Women's Freestyle 57kg,MDA,Republic of Moldova
Bronze Medal,Helen Louise MAROULIS,W,Wrestling,Women's Freestyle 57kg,USA,United States
Bronze Medal,HONG Kexin,W,Wrestling,Women's Freestyle 57kg,CHN,China
Gold Medal,China,W,Artistic Swimming,Duet,CHN,China
Silver Medal,Great Britain,W,Artistic Swimming,Duet,GBR,Great Britain
Bronze Medal,Netherlands,W,Artistic Swimming,Duet,NED,Netherlands
Gold Medal,United States,M,Athletics,Men's 4 x 400m Relay,USA,United States
Silver Medal,Botswana,M,Athletics,Men's 4 x 400m Relay,BOT,Botswana
Bronze Medal,Great Britain,M,Athletics,Men's 4 x 400m Relay,GBR,Great Britain
Gold Medal,Jakob INGEBRIGTSEN,M,Athletics,Men's 5000m,NOR,Norway
Silver Medal,Ronald KWEMOI,M,Athletics,Men's 5000m,KEN,Kenya
Bronze Medal,Grant FISHER,M,Athletics,Men's 5000m,USA,United States
Gold Medal,Emmanuel WANYONYI,M,Athletics,Men's 800m,KEN,Kenya
Silver Medal,Marco AROP,M,Athletics,Men's 800m,CAN,Canada
Bronze Medal,Djamel SEDJATI,M,Athletics,Men's 800m,ALG,Algeria
Gold Medal,Hamish KERR,M,Athletics,Men's High Jump,NZL,New Zealand
Silver Medal,Shelby McEWEN,M,Athletics,Men's High Jump,USA,United States
Bronze Medal,Mutaz Essa BARSHIM,M,Athletics,Men's High Jump,QAT,Qatar
Gold Medal,Tamirat TOLA,M,Athletics,Men's Marathon,ETH,Ethiopia
Silver Medal,Bashir ABDI,M,Athletics,Men's Marathon,BEL,Belgium
Bronze Medal,Benson KIPRUTO,M,Athletics,Men's Marathon,KEN,Kenya
Gold Medal,Masai RUSSELL,W,Athletics,Women's 100m Hurdles,USA,United States
Silver Medal,Cyrena SAMBA-MAYELA,W,Athletics,Women's 100m Hurdles,FRA,France
Bronze Medal,Jasmine CAMACHO-QUINN,W,Athletics,Women's 100m Hurdles,PUR,Puerto Rico
Gold Medal,Faith KIPYEGON,W,Athletics,Women's 1500m,KEN,Kenya
Silver Medal,Jessica HULL,W,Athletics,Women's 1500m,AUS,Australia
Bronze Medal,Georgia BELL,W,Athletics,Women's 1500m,GBR,Great Britain
Gold Medal,United States,W,Athletics,Women's 4 x 400m Relay,USA,United States
Silver Medal,Netherlands,W,Athletics,Women's 4 x 400m Relay,NED,Netherlands
Bronze Medal,Great Britain,W,Athletics,Women's 4 x 400m Relay,GBR,Great Britain
Gold Medal,KITAGUCHI Haruka,W,Athletics,Women's Javelin Throw,JPN,Japan
Silver Medal,Jo-Ane van DYK,W,Athletics,Women's Javelin Throw,RSA,South Africa
Bronze Medal,Nikola OGRODNIKOVA,W,Athletics,Women's Javelin Throw,CZE,Czechia
Gold Medal,United States,M,Basketball,Men,USA,United States
Silver Medal,France,M,Basketball,Men,FRA,France
Bronze Medal,Serbia,M,Basketball,Men,SRB,Serbia
Gold Medal,AHMAN/HELLVIG,M,Beach Volleyball,Men,SWE,Sweden
Silver Medal,EHLERS/WICKLER,M,Beach Volleyball,Men,GER,Germany
Bronze Medal,MOL/SORUM,M,Beach Volleyball,Men,NOR,Norway
Gold Medal,Bakhodir JALOLOV,M,Boxing,Men's +92kg,UZB,Uzbekistan
Silver Medal,Ayoub GHADFA DRISSI EL AISSAOUI,M,Boxing,Men's +92kg,ESP,Spain
Gold Medal,Abdumalik KHALOKOV,M,Boxing,Men's 57kg,UZB,Uzbekistan
Silver Medal,Munarbek SEIITBEK UULU,M,Boxing,Men's 57kg,KGZ,Kyrgyzstan
Gold Medal,LIN Yu Ting,W,Boxing,Women's 57kg,TPE,Chinese Taipei
Silver Medal,Julia SZEREMETA,W,Boxing,Women's 57kg,POL,Poland
Gold Medal,LI Qian,W,Boxing,Women's 75kg,CHN,China
Silver Medal,Atheyna Bibeichi BYLON,W,Boxing,Women's 75kg,PAN,Panama
Gold Medal,PHIL WIZARD,M,Breaking,B-Boys,CAN,Canada
Silver Medal,DANY DANN,M,Breaking,B-Boys,FRA,France
Bronze Medal,VICTOR,M,Breaking,B-Boys,USA,United States
Gold Medal,Josef DOSTAL,M,Canoe Sprint,Men's Kayak Single 1000m,CZE,Czechia
Silver Medal,Adam VARGA,M,Canoe Sprint,Men's Kayak Single 1000m,HUN,Hungary
Bronze Medal,Balint KOPASZ,M,Canoe Sprint,Men's Kayak Single 1000m,HUN,Hungary
Gold Medal,Katie VINCENT,W,Canoe Sprint,Women's Canoe Single 200m,CAN,Canada
Silver Medal,Nevin HARRISON,W,Canoe Sprint,Women's Canoe Single 200m,USA,United States
Bronze Medal,Yarisleidis CIRILO DUBOYS,W,Canoe Sprint,Women's Canoe Single 200m,CUB,Cuba
Gold Medal,Lisa CARRINGTON,W,Canoe Sprint,Women's Kayak Single 500m,NZL,New Zealand
Silver Medal,Tamara CSIPES,W,Canoe Sprint,Women's Kayak Single 500m,HUN,Hungary
Bronze Medal,Emma Aastrand JORGENSEN,W,Canoe Sprint,Women's Kayak Single 500m,DEN,Denmark
Gold Medal,Portugal,M,Cycling Track,Men's Madison,POR,Portugal
Silver Medal,Italy,M,Cycling Track,Men's Madison,ITA,Italy
Bronze Medal,Denmark,M,Cycling Track,Men's Madison,DEN,Denmark
Gold Medal,CAO Yuan,M,Diving,Men's 10m Platform,CHN,China
Silver Medal,TAMAI Rikuto,M,Diving,Men's 10m Platform,JPN,Japan
Bronze Medal,Noah WILLIAMS,M,Diving,Men's 10m Platform,GBR,Great Britain
Gold Medal,United States,W,Football,Women,USA,United States
Silver Medal,Brazil,W,Football,Women,BRA,Brazil
Gold Medal,Lydia KO,W,Golf,Women's Individual Stroke Play,NZL,New Zealand
Silver Medal,Esther HENSELEIT,W,Golf,Women's Individual Stroke Play,GER,Germany
Bronze Medal,LIN Xiyu Janet,W,Golf,Women's Individual Stroke Play,CHN,China
Gold Medal,Norway,W,Handball,Women,NOR,Norway
Silver Medal,France,W,Handball,Women,FRA,France
Bronze Medal,Denmark,W,Handball,Women,DEN,Denmark
Gold Medal,Ahmed ELGENDY,M,Modern Pentathlon,Men's Individual,EGY,Egypt
Silver Medal,SATO Taishu,M,Modern Pentathlon,Men's Individual,JPN,Japan
Bronze Medal,Giorgio MALAN,M,Modern Pentathlon,Men's Individual,ITA,Italy
Gold Medal,Janja GARNBRET,W,Sport Climbing,Women's Boulder & Lead,SLO,Slovenia
Silver Medal,Brooke RABOUTOU,W,Sport Climbing,Women's Boulder & Lead,USA,United States
Bronze Medal,Jessica PILZ,W,Sport Climbing,Women's Boulder & Lead,AUT,Austria
Gold Medal,China,W,Table Tennis,Women's Team,CHN,China
Silver Medal,Japan,W,Table Tennis,Women's Team,JPN,Japan
Bronze Medal,Korea,W,Table Tennis,Women's Team,KOR,Korea
Gold Medal,Arian SALIMI,M,Taekwondo,Men +80kg,IRI,IR Iran
Silver Medal,Caden CUNNINGHAM,M,Taekwondo,Men +80kg,GBR,Great Britain
Bronze Medal,Rafael ALBA,M,Taekwondo,Men +80kg,CUB,Cuba
Bronze Medal,Cheick Sallah CISSE,M,Taekwondo,Men +80kg,CIV,Côte d'Ivoire
Gold Medal,Althea LAURIN,W,Taekwondo,Women +67kg,FRA,France
Silver Medal,Svetlana OSIPOVA,W,Taekwondo,Women +67kg,UZB,Uzbekistan
Bronze Medal,LEE Dabin,W,Taekwondo,Women +67kg,KOR,Korea
Bronze Medal,Nafia KUS AYDIN,W,Taekwondo,Women +67kg,TUR,Türkiye
Gold Medal,France,M,Volleyball,Men,FRA,France
Silver Medal,Poland,M,Volleyball,Men,POL,Poland
Bronze Medal,Brazil,W,Volleyball,Women,BRA,Brazil
Gold Medal,Spain,W,Water Polo,Women,ESP,Spain
Silver Medal,Australia,W,Water Polo,Women,AUS,Australia
Bronze Medal,Netherlands,W,Water Polo,Women,NED,Netherlands
Gold Medal,Lasha TALAKHADZE,M,Weightlifting,Men's +102kg,GEO,Georgia
Silver Medal,Varazdat LALAYAN,M,Weightlifting,Men's +102kg,ARM,Armenia
Bronze Medal,Gor MINASYAN,M,Weightlifting,Men's +102kg,BRN,Bahrain
Gold Medal,LIU Huanhua,M,Weightlifting,Men's 102kg,CHN,China
Silver Medal,Akbar DJURAEV,M,Weightlifting,Men's 102kg,UZB,Uzbekistan
Gold Medal,Solfrid Eila Amena KOANDA,W,Weightlifting,Women's 81kg,NOR,Norway
Silver Medal,Sara AHMED,W,Weightlifting,Women's 81kg,EGY,Egypt
Bronze Medal,Neisi Patricia DAJOMES BARRERA,W,Weightlifting,Women's 81kg,ECU,Ecuador
Gold Medal,Geno PETRIASHVILI,M,Wrestling,Men's Freestyle 125kg,GEO,Georgia
Silver Medal,Amir Hossein ZARE,M,Wrestling,Men's Freestyle 125kg,IRI,IR Iran
Bronze Medal,Taha AKGUL,M,Wrestling,Men's Freestyle 125kg,TUR,Türkiye
Bronze Medal,Giorgi MESHVILDISHVILI,M,Wrestling,Men's Freestyle 125kg,AZE,Azerbaijan
Gold Medal,Razambek Salambekovitch JAMALOV,M,Wrestling,Men's Freestyle 74kg,UZB,Uzbekistan
Silver Medal,TAKATANI Daichi,M,Wrestling,Men's Freestyle 74kg,JPN,Japan
Bronze Medal,Kyle Douglas DAKE,M,Wrestling,Men's Freestyle 74kg,USA,United States
Bronze Medal,Chermen VALIEV,M,Wrestling,Men's Freestyle 74kg,ALB,Albania
Gold Medal,MOTOKI Sakura,W,Wrestling,Women's Freestyle 62kg,JPN,Japan
Silver Medal,Iryna KOLIADENKO,W,Wrestling,Women's Freestyle 62kg,UKR,Ukraine
Bronze Medal,Aisuluu TYNYBEKOVA,W,Wrestling,Women's Freestyle 62kg,KGZ,Kyrgyzstan
Bronze Medal,Grace Jacob BULLEN,W,Wrestling,Women's Freestyle 62kg,NOR,Norway
Gold Medal,Sifan HASSAN,W,Athletics,Women's Marathon,NED,Netherlands
Silver Medal,Tigst ASSEFA,W,Athletics,Women's Marathon,ETH,Ethiopia
Bronze Medal,Hellen OBIRI,W,Athletics,Women's Marathon,KEN,Kenya
Gold Medal,United States,W,Basketball,Women,USA,United States
Silver Medal,France,W,Basketball,Women,FRA,France
Bronze Medal,Australia,W,Basketball,Women,AUS,Australia
Gold Medal,Harrie LAVREYSEN,M,Cycling Track,Men's Keirin,NED,Netherlands
Silver Medal,Matthew RICHARDSON,M,Cycling Track,Men's Keirin,AUS,Australia
Bronze Medal,Matthew GLAETZER,M,Cycling Track,Men's Keirin,AUS,Australia
Gold Medal,Jennifer VALENTE,W,Cycling Track,Women's Omnium,USA,United States
Silver Medal,Daria PIKULIK,W,Cycling Track,Women's Omnium,POL,Poland
Bronze Medal,Ally WOLLASTON,W,Cycling Track,Women's Omnium,NZL,New Zealand
Gold Medal,Ellesse ANDREWS,W,Cycling Track,Women's Sprint,NZL,New Zealand
Silver Medal,Lea FRIEDRICH,W,Cycling Track,Women's Sprint,GER,Germany
Bronze Medal,Emma FINUCANE,W,Cycling Track,Women's Sprint,GBR,Great Britain
Gold Medal,Denmark,M,Handball,Men,DEN,Denmark
Silver Medal,Germany,M,Handball,Men,GER,Germany
Bronze Medal,Spain,M,Handball,Men,ESP,Spain
Gold Medal,Michelle GULYAS,W,Modern Pentathlon,Women's Individual,HUN,Hungary
Silver Medal,Elodie CLOUVEL,W,Modern Pentathlon,Women's Individual,FRA,France
Bronze Medal,SEONG Seungmin,W,Modern Pentathlon,Women's Individual,KOR,Korea
Gold Medal,Italy,W,Volleyball,Women,ITA,Italy
Silver Medal,United States,W,Volleyball,Women,USA,United States
Gold Medal,Serbia,M,Water Polo,Men,SRB,Serbia
Silver Medal,Croatia,M,Water Polo,Men,CRO,Croatia
Bronze Medal,United States,M,Water Polo,Men,USA,United States
Gold Medal,LI Wenwen,W,Weightlifting,Women's +81kg,CHN,China
Silver Medal,PARK Hyejeong,W,Weightlifting,Women's +81kg,KOR,Korea
Bronze Medal,Emily CAMPBELL,W,Weightlifting,Women's +81kg,GBR,Great Britain
Gold Medal,KIYOOKA Kotaro,M,Wrestling,Men's Freestyle 65kg,JPN,Japan
Silver Medal,Rahman AMOUZADKHALILI,M,Wrestling,Men's Freestyle 65kg,IRI,IR Iran
Bronze Medal,Sebastian C RIVERA,M,Wrestling,Men's Freestyle 65kg,PUR,Puerto Rico
Bronze Medal,Islam DUDAEV,M,Wrestling,Men's Freestyle 65kg,ALB,Albania
Gold Medal,Akhmed TAZHUDINOV,M,Wrestling,Men's Freestyle 97kg,BRN,Bahrain
Silver Medal,Givi MATCHARASHVILI,M,Wrestling,Men's Freestyle 97kg,GEO,Georgia
Bronze Medal,Magomedkhan MAGOMEDOV,M,Wrestling,Men's Freestyle 97kg,AZE,Azerbaijan
Bronze Medal,Amirali AZARPIRA,M,Wrestling,Men's Freestyle 97kg,IRI,IR Iran
Gold Medal,KAGAMI Yuka,W,Wrestling,Women's Freestyle 76kg,JPN,Japan
Silver Medal,Kennedy Alexis BLADES,W,Wrestling,Women's Freestyle 76kg,USA,United States
Bronze Medal,Milaimy de la Carid. MARIN POTRILLE,W,Wrestling,Women's Freestyle 76kg,CUB,Cuba
Bronze Medal,Tatiana RENTERIA RENTERIA,W,Wrestling,Women's Freestyle 76kg,COL,Colombia
Gold Medal,People's Republic of China,W,Rhythmic Gymnastics,Group All-Around,CHN,China
Silver Medal,Israel,W,Rhythmic Gymnastics,Group All-Around,ISR,Israel
Bronze Medal,Italy,W,Rhythmic Gymnastics,Group All-Around,ITA,Italy
Gold Medal,VARFOLOMEEV Darja,W,Rhythmic Gymnastics,Individual All-Around,GER,Germany
Silver Medal,KALEYN Boryana,W,Rhythmic Gymnastics,Individual All-Around,BUL,Bulgaria
Bronze Medal,RAFFAELI Sofia,W,Rhythmic Gymnastics,Individual All-Around,ITA,Italy
Gold Medal,THIAM Nafissatou,W,Athletics,Women's Heptathlon,BEL,Belgium
Silver Medal,JOHNSON-THOMPSON Katarina,W,Athletics,Women's Heptathlon,GBR,Great Britain
Bronze Medal,VIDTS Noor,W,Athletics,Women's Heptathlon,BEL,Belgium
